code,date,close,nav,premium
159980,2019-10-24,,1.0,
159980,2019-10-25,,1.0001,
159980,2019-11-01,,1.0003,
159980,2019-11-08,,1.0006,
159980,2019-11-15,,1.0002,
159980,2019-11-22,,1.0004,
159980,2019-11-29,,1.0008,
159980,2019-12-06,,1.0004,
159980,2019-12-13,,1.011,
159980,2019-12-17,,1.0132,
159980,2019-12-20,,1.0162,
159980,2019-12-23,,1.0155,
159980,2019-12-24,1.016,1.0165,-0.04918839153958965
159980,2019-12-25,1.017,1.0185,-0.14727540500737435
159980,2019-12-26,1.014,1.019,-0.4906771344455274
159980,2019-12-27,1.016,1.0181,-0.20626657499263068
159980,2019-12-30,1.014,1.0164,-0.23612750885477762
159980,2019-12-31,1.012,1.0147,-0.26608849906375465
159980,2020-01-02,1.009,1.0128,-0.375197472353872
159980,2020-01-03,1.001,1.006,-0.4970178926441471
159980,2020-01-06,1.001,1.0009,0.009991008092713471
159980,2020-01-07,1.005,1.0038,0.1195457262402666
159980,2020-01-08,1.006,1.0067,-0.06953412138670512
159980,2020-01-09,1.011,1.0119,-0.08894159501928733
159980,2020-01-10,1.013,1.0128,0.01974723538704648
159980,2020-01-13,1.012,1.0128,-0.07898894154817482
159980,2020-01-14,1.009,1.0127,-0.3653599289029419
159980,2020-01-15,1.012,1.0138,-0.17754981258630842
159980,2020-01-16,1.018,1.0179,0.009824147755188584
159980,2020-01-17,1.018,1.0199,-0.18629277380135534
159980,2020-01-20,1.016,1.0167,-0.06885020163273081
159980,2020-01-21,1.003,1.0113,-0.8207257984772287
159980,2020-01-22,1.008,1.0076,0.039698292973389115
159980,2020-01-23,0.997,1.0007,-0.36974118117316657
159980,2020-02-03,0.939,0.947,-0.8447729672650506
159980,2020-02-04,0.95,0.9494,0.0631978091426122
159980,2020-02-05,0.954,0.9542,-0.020959966464062507
159980,2020-02-06,0.96,0.961,-0.10405827263267886
159980,2020-02-07,0.956,0.9597,-0.38553714702511677
159980,2020-02-10,0.954,0.9548,-0.0837871805613788
159980,2020-02-11,0.957,0.9584,-0.1460767946577679
159980,2020-02-12,0.959,0.9582,0.08348987685242726
159980,2020-02-13,0.961,0.9599,0.11459527034065609
159980,2020-02-14,0.962,0.9627,-0.07271216370624556
159980,2020-02-17,0.968,0.9644,0.3732890916632092
159980,2020-02-18,0.968,0.9658,0.227790432801811
159980,2020-02-19,0.969,0.9664,0.2690397350993301
159980,2020-02-20,0.966,0.9657,0.031065548306918878
159980,2020-02-21,0.962,0.9621,-0.010393929944907399
159980,2020-02-24,0.955,0.9557,-0.07324474207387466
159980,2020-02-25,0.955,0.9544,0.06286672254818271
159980,2020-02-26,0.949,0.9513,-0.2417744139598499
159980,2020-02-27,0.946,0.9483,-0.24253928081831022
159980,2020-02-28,0.922,0.9323,-1.1047945940148018
159980,2020-03-02,0.941,0.938,0.31982942430703876
159980,2020-03-03,0.943,0.949,-0.6322444678609096
159980,2020-03-04,0.937,0.9414,-0.46738899511366006
159980,2020-03-05,0.945,0.9437,0.1377556426830573
159980,2020-03-06,0.94,0.9388,0.12782275244993535
159980,2020-03-09,0.917,0.9161,0.09824254993997528
159980,2020-03-10,0.929,0.9303,-0.13973986885950085
159980,2020-03-11,0.921,0.9312,-1.0953608247422641
159980,2020-03-12,0.912,0.9147,-0.2951787471301981
159980,2020-03-13,0.904,0.9051,-0.12153353220638596
159980,2020-03-16,0.894,0.9054,-1.2591119946984697
159980,2020-03-17,0.885,0.8928,-0.8736559139784994
159980,2020-03-18,0.839,0.8656,-3.0730129390018512
159980,2020-03-19,0.792,0.8092,-2.125556104794857
159980,2020-03-20,0.827,0.8186,1.026142193989732
159980,2020-03-23,0.789,0.7911,-0.26545316647705874
159980,2020-03-24,0.809,0.8099,-0.11112483022593933
159980,2020-03-25,0.825,0.819,0.73260073260073
159980,2020-03-26,0.818,0.8234,-0.6558173427252956
159980,2020-03-27,0.829,0.8267,0.2782145881214504
159980,2020-03-30,0.819,0.8199,-0.1097694840834218
159980,2020-03-31,0.828,0.8289,-0.10857763300760048
159980,2020-04-01,0.822,0.8283,-0.7605939876856316
159980,2020-04-02,0.829,0.8223,0.8147877903441403
159980,2020-04-03,0.834,0.8321,0.22833794015142406
159980,2020-04-07,0.847,0.8475,-0.05899705014750234
159980,2020-04-08,0.849,0.8463,0.31903580290675304
159980,2020-04-09,0.847,0.8498,-0.32948929159802853
159980,2020-04-10,0.866,0.8593,0.7797044105667394
159980,2020-04-13,0.867,0.8662,0.09235742322788454
159980,2020-04-14,0.866,0.8687,-0.31080925520893254
159980,2020-04-15,0.867,0.8683,-0.14971783945640915
159980,2020-04-16,0.864,0.8655,-0.17331022530330253
159980,2020-04-17,0.879,0.8787,0.03414134516899203
159980,2020-04-20,0.885,0.8843,0.07915865656451526
159980,2020-04-21,0.865,0.8723,-0.8368680499827974
159980,2020-04-22,0.857,0.8578,-0.09326183259501519
159980,2020-04-23,0.875,0.8724,0.2980284273269129
159980,2020-04-24,0.872,0.8733,-0.14886064353600847
159980,2020-04-27,0.886,0.888,-0.22522522522522292
159980,2020-04-28,0.881,0.8842,-0.3619090703460781
159980,2020-04-29,0.883,0.8886,-0.6302048165653718
159980,2020-04-30,0.889,0.8899,-0.10113495898416147
159980,2020-05-06,0.891,0.8892,0.2024291497975783
159980,2020-05-07,0.893,0.8952,-0.24575513851653463
159980,2020-05-08,0.901,0.9015,-0.055463117027165776
159980,2020-05-11,0.902,0.9063,-0.47445658170582883
159980,2020-05-12,0.896,0.9036,-0.8410801239486454
159980,2020-05-13,0.891,0.8964,-0.6024096385542133
159980,2020-05-14,0.89,0.8952,-0.5808757819481647
159980,2020-05-15,0.889,0.8939,-0.5481597494126911
159980,2020-05-18,0.898,0.8968,0.1338090990187224
159980,2020-05-19,0.908,0.9102,-0.24170511975389886
159980,2020-05-20,0.913,0.914,-0.1094091903719896
159980,2020-05-21,0.918,0.9211,-0.3365541200738287
159980,2020-05-22,0.896,0.9126,-1.8189787420556547
159980,2020-05-25,0.903,0.9084,-0.5944517833553431
159980,2020-05-26,0.906,0.9116,-0.6143045195260988
159980,2020-05-27,0.901,0.9119,-1.195306502906024
159980,2020-05-28,0.905,0.9091,-0.450995490045103
159980,2020-05-29,0.91,0.9128,-0.30674846625765584
159980,2020-06-01,0.921,0.922,-0.10845986984815426
159980,2020-06-02,0.919,0.9261,-0.7666558686966862
159980,2020-06-03,0.927,0.9323,-0.5684865386678117
159980,2020-06-04,0.922,0.9299,-0.8495537154532662
159980,2020-06-05,0.931,0.9322,-0.12872774082814953
159980,2020-06-08,0.942,0.9417,0.03185727938834759
159980,2020-06-09,0.946,0.9494,-0.35812091847483574
159980,2020-06-10,0.951,0.9522,-0.1260239445494693
159980,2020-06-11,0.945,0.9585,-1.4084507042253613
159980,2020-06-12,0.945,0.9472,-0.23226351351351981
159980,2020-06-15,0.935,0.9465,-1.2150026413100812
159980,2020-06-16,0.954,0.9502,0.39991580719846986
159980,2020-06-17,0.952,0.9544,-0.25146689019279744
159980,2020-06-18,0.953,0.9572,-0.43877977434183535
159980,2020-06-19,0.965,0.9627,0.23891139503480208
159980,2020-06-22,0.961,0.9673,-0.6512974258244708
159980,2020-06-23,0.966,0.9679,-0.19630127079244275
159980,2020-06-24,0.965,0.9671,-0.2171440388791246
159980,2020-06-29,0.973,0.9736,-0.06162695152013287
159980,2020-06-30,0.978,0.9796,-0.16333197223357132
159980,2020-07-01,0.986,0.9855,0.050735667174017784
159980,2020-07-02,0.987,0.9872,-0.020259319286874966
159980,2020-07-03,0.986,0.9886,-0.26299817924337887
159980,2020-07-06,0.991,0.989,0.2022244691607611
159980,2020-07-07,0.992,0.9961,-0.41160526051601254
159980,2020-07-08,0.993,0.9991,-0.6105494945450873
159980,2020-07-09,1.009,1.0129,-0.3850330733537355
159980,2020-07-10,1.003,1.0156,-1.2406459235919765
159980,2020-07-13,1.044,1.0428,0.11507479861911918
159980,2020-07-14,1.033,1.0466,-1.2994458245748186
159980,2020-07-15,1.034,1.0436,-0.9198926791874285
159980,2020-07-16,1.006,1.0242,-1.7769966803358739
159980,2020-07-17,1.013,1.0257,-1.238178804718748
159980,2020-07-20,1.012,1.0218,-0.95909179878646
159980,2020-07-21,1.026,1.0307,-0.4560007761715279
159980,2020-07-22,1.035,1.0438,-0.8430733857060835
159980,2020-07-23,1.028,1.03,-0.1941747572815511
159980,2020-07-24,1.022,1.0355,-1.3037180106228896
159980,2020-07-27,1.035,1.039,-0.38498556304138454
159980,2020-07-28,1.037,1.0442,-0.6895230798697694
159980,2020-07-29,1.045,1.0475,-0.23866348448688957
159980,2020-07-30,1.046,1.0548,-0.8342813803564608
159980,2020-07-31,1.048,1.0524,-0.4180919802356464
159980,2020-08-03,1.042,1.0469,-0.4680485242143373
159980,2020-08-04,1.049,1.0566,-0.7192882831724479
159980,2020-08-05,1.052,1.0554,-0.32215273829826474
159980,2020-08-06,1.06,1.0652,-0.4881712354487311
159980,2020-08-07,1.057,1.0672,-0.955772113943032
159980,2020-08-10,1.041,1.051,-0.9514747859181716
159980,2020-08-11,1.04,1.0532,-1.2533232054690369
159980,2020-08-12,1.036,1.0427,-0.6425625779226896
159980,2020-08-13,1.042,1.0472,-0.49656226126812975
159980,2020-08-14,1.043,1.0432,-0.019171779141102796
159980,2020-08-17,1.053,1.0519,0.10457267801120551
159980,2020-08-18,1.057,1.0634,-0.6018431446304318
159980,2020-08-19,1.075,1.0745,0.04653327128896212
159980,2020-08-20,1.073,1.0801,-0.6573465419868585
159980,2020-08-21,1.072,1.0761,-0.38100548276182034
159980,2020-08-24,1.066,1.0662,-0.01875820671544126
159980,2020-08-25,1.064,1.0677,-0.34653929006275286
159980,2020-08-26,1.07,1.0703,-0.028029524432393593
159980,2020-08-27,1.072,1.0742,-0.20480357475329836
159980,2020-08-28,1.081,1.0768,0.3900445765230298
159980,2020-08-31,1.082,1.0822,-0.01848087229716633
159980,2020-09-01,1.1,1.0903,0.8896633953957567
159980,2020-09-02,1.089,1.0893,-0.027540622418065208
159980,2020-09-03,1.083,1.0856,-0.23949889462048235
159980,2020-09-04,1.076,1.0718,0.39186415376002426
159980,2020-09-07,1.083,1.0809,0.19428254232582987
159980,2020-09-08,1.086,1.084,0.1845018450184588
159980,2020-09-09,1.065,1.0675,-0.23419203747072626
159980,2020-09-10,1.054,1.0663,-1.1535215230235374
159980,2020-09-11,1.054,1.0601,-0.5754174134515622
159980,2020-09-14,1.068,1.0703,-0.2148930206484101
159980,2020-09-15,1.071,1.0753,-0.3998884032363037
159980,2020-09-16,1.068,1.0725,-0.41958041958041203
159980,2020-09-17,1.057,1.0653,-0.7791232516661917
159980,2020-09-18,1.076,1.0716,0.4106009705113767
159980,2020-09-21,1.072,1.0747,-0.2512329022052562
159980,2020-09-22,1.063,1.0628,0.018818216033111845
159980,2020-09-23,1.056,1.0595,-0.3303445021236473
159980,2020-09-24,1.037,1.0448,-0.7465543644716743
159980,2020-09-25,1.041,1.0374,0.3470213996529692
159980,2020-09-28,1.047,1.0407,0.6053617757278751
159980,2020-09-29,1.048,1.0512,-0.3044140030441289
159980,2020-09-30,1.047,1.051,-0.38058991436726863
159980,2020-10-09,1.058,1.0594,-0.13215027373983945
159980,2020-10-12,1.064,1.0602,0.35842293906809264
159980,2020-10-13,1.062,1.0646,-0.24422318241592578
159980,2020-10-14,1.058,1.0603,-0.2169197396963085
159980,2020-10-15,1.055,1.0607,-0.5373809748279501
159980,2020-10-16,1.059,1.0628,-0.3575461046292805
159980,2020-10-19,1.06,1.0643,-0.4040214225312422
159980,2020-10-20,1.061,1.0661,-0.4783791389175618
159980,2020-10-21,1.076,1.0769,-0.08357321942612517
159980,2020-10-22,1.076,1.08,-0.37037037037036535
159980,2020-10-23,1.069,1.0762,-0.6690206281360411
159980,2020-10-26,1.063,1.0712,-0.7654966392830476
159980,2020-10-27,1.066,1.0677,-0.15922075489369636
159980,2020-10-28,1.076,1.0743,0.15824257656149587
159980,2020-10-29,1.068,1.069,-0.0935453695041999
159980,2020-10-30,1.057,1.0634,-0.6018431446304318
159980,2020-11-02,1.061,1.0614,-0.037686074995280094
159980,2020-11-03,1.073,1.0684,0.4305503556720325
159980,2020-11-04,1.069,1.0707,-0.15877463341739118
159980,2020-11-05,1.07,1.0711,-0.10269816076928784
159980,2020-11-06,1.068,1.071,-0.2801120448179151
159980,2020-11-09,1.078,1.08,-0.18518518518518823
159980,2020-11-10,1.074,1.0839,-0.9133683919180791
159980,2020-11-11,1.081,1.0808,0.018504811250918962
159980,2020-11-12,1.081,1.0812,-0.01849796522381819
159980,2020-11-13,1.088,1.0861,0.17493785102660198
159980,2020-11-16,1.107,1.0992,0.7096069868995691
159980,2020-11-17,1.094,1.0983,-0.3915141582445547
159980,2020-11-18,1.104,1.096,0.7299270072992803
159980,2020-11-19,1.096,1.0977,-0.1548692721143996
159980,2020-11-20,1.112,1.1051,0.6243778843543657
159980,2020-11-23,1.118,1.1204,-0.2142092109960636
159980,2020-11-24,1.13,1.1199,0.9018662380569697
159980,2020-11-25,1.123,1.1266,-0.3195455352387744
159980,2020-11-26,1.136,1.1276,0.7449450159630944
159980,2020-11-27,1.15,1.1394,0.9303142004563725
159980,2020-11-30,1.172,1.16,1.0344827586206806
159980,2020-12-01,1.151,1.1597,-0.7501940156937059
159980,2020-12-02,1.15,1.1586,-0.7422751596754873
159980,2020-12-03,1.135,1.1452,-0.8906741180579769
159980,2020-12-04,1.148,1.1446,0.29704700331991685
159980,2020-12-07,1.142,1.1494,-0.6438141639116157
159980,2020-12-08,1.147,1.1528,-0.5031228313671088
159980,2020-12-09,1.149,1.1549,-0.5108667417092372
159980,2020-12-10,1.16,1.1619,-0.1635252603494286
159980,2020-12-11,1.17,1.183,-1.098901098901106
159980,2020-12-14,1.174,1.1779,-0.33109771627473084
159980,2020-12-15,1.173,1.1786,-0.47513999660614425
159980,2020-12-16,1.178,1.1826,-0.38897344833419556
159980,2020-12-17,1.191,1.1871,0.32853171594642294
159980,2020-12-18,1.205,1.1993,0.4752772450596243
159980,2020-12-21,1.201,1.1997,0.10836042343920216
159980,2020-12-22,1.167,1.1824,-1.3024357239512785
159980,2020-12-23,1.169,1.1625,0.5591397849462387
159980,2020-12-24,1.174,1.1716,0.2048480710139966
159980,2020-12-25,1.183,1.1774,0.47562425683709275
159980,2020-12-28,1.182,1.1835,-0.12674271229404788
159980,2020-12-29,1.168,1.1779,-0.8404788182358458
159980,2020-12-30,1.169,1.1684,0.0513522766175889
159980,2020-12-31,1.155,1.1613,-0.5424954792043413
159980,2021-01-04,1.164,1.1663,-0.19720483580553116
159980,2021-01-05,1.17,1.1756,-0.47635250085062975
159980,2021-01-06,1.181,1.184,-0.2533783783783661
159980,2021-01-07,1.197,1.1921,0.41103934233706063
159980,2021-01-08,1.204,1.2028,0.09976720984368193
159980,2021-01-11,1.171,1.1825,-0.9725158562367886
159980,2021-01-12,1.174,1.1628,0.9631922944616234
159980,2021-01-13,1.173,1.1718,0.10240655401947407
159980,2021-01-14,1.173,1.1699,0.2649799128130681
159980,2021-01-15,1.174,1.1802,-0.5253346890357502
159980,2021-01-18,1.185,1.1746,0.8854077983994513
159980,2021-01-19,1.176,1.177,-0.084961767204772
159980,2021-01-20,1.182,1.1797,0.19496482156480255
159980,2021-01-21,1.19,1.185,0.42194092827003704
159980,2021-01-22,1.178,1.184,-0.5067567567567544
159980,2021-01-25,1.194,1.1864,0.6405933917734474
159980,2021-01-26,1.183,1.1882,-0.4376367614879584
159980,2021-01-27,1.183,1.1847,-0.14349624377479886
159980,2021-01-28,1.165,1.17,-0.42735042735041473
159980,2021-01-29,1.161,1.1718,-0.9216589861751112
159980,2021-02-01,1.169,1.1726,-0.3070100631076267
159980,2021-02-02,1.155,1.1659,-0.9349000771935789
159980,2021-02-03,1.147,1.1566,-0.830019021269246
159980,2021-02-04,1.163,1.1637,-0.06015296038497375
159980,2021-02-05,1.176,1.1723,0.3156188688902217
159980,2021-02-08,1.187,1.1858,0.10119750379491421
159980,2021-02-09,1.197,1.1942,0.23446658851113966
159980,2021-02-10,1.213,1.2058,0.5971139492453315
159980,2021-02-18,1.268,1.2472,1.6677357280307836
159980,2021-02-19,1.289,1.2699,1.5040554374360138
159980,2021-02-22,1.346,1.3079,2.913066748222337
159980,2021-02-23,1.328,1.3245,0.2642506606266526
159980,2021-02-24,1.312,1.317,-0.37965072133636646
159980,2021-02-25,1.353,1.348,0.37091988130562026
159980,2021-02-26,1.317,1.3384,-1.598924088463849
159980,2021-03-01,1.304,1.3107,-0.5111772335393283
159980,2021-03-02,1.285,1.2895,-0.3489724699496044
159980,2021-03-03,1.308,1.3112,-0.24405125076265577
159980,2021-03-04,1.271,1.2895,-1.4346645986816786
159980,2021-03-05,1.255,1.2545,0.03985651654045963
159980,2021-03-08,1.249,1.2688,-1.5605296343001118
159980,2021-03-09,1.251,1.2655,-1.145792177005145
159980,2021-03-10,1.244,1.2519,-0.6310408179567073
159980,2021-03-11,1.29,1.2661,1.8876865966353407
159980,2021-03-12,1.277,1.2764,0.047007207771843085
159980,2021-03-15,1.282,1.2793,0.21105291956537986
159980,2021-03-16,1.266,1.2825,-1.2865497076023358
159980,2021-03-17,1.27,1.2706,-0.04722178498346441
159980,2021-03-18,1.266,1.2765,-0.8225616921269108
159980,2021-03-19,1.255,1.2682,-1.0408452925406153
159980,2021-03-22,1.273,1.2793,-0.492456812319253
159980,2021-03-23,1.277,1.2816,-0.3589263420724187
159980,2021-03-24,1.264,1.2702,-0.4881121083293971
159980,2021-03-25,1.25,1.2629,-1.0214585477868354
159980,2021-03-26,1.266,1.2593,0.5320416104184877
159980,2021-03-29,1.273,1.2749,-0.14903129657227732
159980,2021-03-30,1.269,1.2768,-0.6109022556391008
159980,2021-03-31,1.256,1.2623,-0.49908896458844554
159980,2021-04-01,1.256,1.2632,-0.5699810006333239
159980,2021-04-02,1.285,1.2738,0.8792589103469917
159980,2021-04-06,1.287,1.2939,-0.5332715047530856
159980,2021-04-07,1.286,1.2917,-0.44127893473716595
159980,2021-04-08,1.29,1.2875,0.19417475728154
159980,2021-04-09,1.283,1.292,-0.6965944272445901
159980,2021-04-12,1.264,1.2754,-0.8938372275364648
159980,2021-04-13,1.265,1.2677,-0.21298414451369485
159980,2021-04-14,1.274,1.2737,0.02355342702362595
159980,2021-04-15,1.298,1.2883,0.7529302181169095
159980,2021-04-16,1.304,1.3064,-0.1837109614206911
159980,2021-04-19,1.318,1.3065,0.8802143130501427
159980,2021-04-20,1.31,1.3113,-0.09913825974222634
159980,2021-04-21,1.294,1.3031,-0.6983347402348183
159980,2021-04-22,1.297,1.306,-0.6891271056661652
159980,2021-04-23,1.306,1.3067,-0.05357006198820624
159980,2021-04-26,1.329,1.3239,0.38522547020167774
159980,2021-04-27,1.351,1.3474,0.2671812379397398
159980,2021-04-28,1.335,1.3443,-0.6918098638696746
159980,2021-04-29,1.36,1.3615,-0.11017260374586169
159980,2021-04-30,1.353,1.357,-0.29476787030213725
159980,2021-05-06,1.377,1.3772,-0.01452221899506112
159980,2021-05-07,1.404,1.3963,0.5514574231898495
159980,2021-05-10,1.447,1.4258,1.4868845560387145
159980,2021-05-11,1.413,1.4083,0.33373570972092814
159980,2021-05-12,1.422,1.416,0.4237288135593209
159980,2021-05-13,1.393,1.4009,-0.5639231922335619
159980,2021-05-14,1.375,1.3803,-0.3839744982974791
159980,2021-05-17,1.388,1.3893,-0.09357230259843252
159980,2021-05-18,1.415,1.4115,0.24796315975912364
159980,2021-05-19,1.388,1.4047,-1.188865950024931
159980,2021-05-20,1.372,1.3685,0.2557544757033181
159980,2021-05-21,1.352,1.3602,-0.602852521687991
159980,2021-05-24,1.332,1.3432,-0.8338296605121975
159980,2021-05-25,1.343,1.3502,-0.5332543326914574
159980,2021-05-26,1.342,1.3476,-0.4155535767289886
159980,2021-05-27,1.35,1.3503,-0.022217285047765323
159980,2021-05-28,1.379,1.3824,-0.24594907407408106
159980,2021-05-31,1.389,1.392,-0.21551724137930384
159980,2021-06-01,1.389,1.3925,-0.251346499102334
159980,2021-06-02,1.384,1.3934,-0.6746088703889819
159980,2021-06-03,1.374,1.3843,-0.7440583688506863
159980,2021-06-04,1.349,1.3541,-0.3766339265933172
159980,2021-06-07,1.351,1.3628,-0.8658643968300628
159980,2021-06-08,1.348,1.3583,-0.7583008171979655
159980,2021-06-09,1.362,1.3654,-0.24901127874614737
159980,2021-06-10,1.356,1.3657,-0.7102584755070529
159980,2021-06-11,1.378,1.3715,0.4739336492890933
159980,2021-06-15,1.35,1.3602,-0.7498897220996947
159980,2021-06-16,1.325,1.3413,-1.2152389472899428
159980,2021-06-17,1.333,1.3392,-0.462962962962965
159980,2021-06-18,1.304,1.32,-1.2121212121212088
159980,2021-06-21,1.297,1.3034,-0.49102347705999305
159980,2021-06-22,1.315,1.3131,0.14469575812960933
159980,2021-06-23,1.334,1.3324,0.12008405884118556
159980,2021-06-24,1.333,1.3442,-0.8332093438476518
159980,2021-06-25,1.345,1.352,-0.5177514792899518
159980,2021-06-28,1.341,1.3479,-0.5119074115290556
159980,2021-06-29,1.338,1.3431,-0.3797185615367349
159980,2021-06-30,1.346,1.3469,-0.06682010542726768
159980,2021-07-01,1.338,1.3516,-1.006214856466403
159980,2021-07-02,1.337,1.3444,-0.5504314192204762
159980,2021-07-05,1.361,1.3574,0.26521290702814504
159980,2021-07-06,1.372,1.3696,0.17523364485982906
159980,2021-07-07,1.359,1.3536,0.3989361702127603
159980,2021-07-08,1.353,1.3583,-0.3901936243834281
159980,2021-07-09,1.361,1.3575,0.2578268876611389
159980,2021-07-12,1.361,1.3715,-0.7655851257746926
159980,2021-07-13,1.366,1.3693,-0.24099905060979143
159980,2021-07-14,1.362,1.3627,-0.05136860644308072
159980,2021-07-15,1.367,1.3653,0.1245147586611095
159980,2021-07-16,1.382,1.3817,0.02171238329593539
159980,2021-07-19,1.381,1.3866,-0.40386557046012683
159980,2021-07-20,1.363,1.3643,-0.09528696034597495
159980,2021-07-21,1.359,1.3639,-0.35926387565070605
159980,2021-07-22,1.37,1.3676,0.17548990933022868
159980,2021-07-23,1.394,1.39,0.2877697841726645
159980,2021-07-26,1.408,1.4091,-0.07806401249025319
159980,2021-07-27,1.414,1.4262,-0.8554199971953391
159980,2021-07-28,1.411,1.419,-0.5637773079633535
159980,2021-07-29,1.417,1.4169,0.0070576610911032844
159980,2021-07-30,1.423,1.4251,-0.14735808013472962
159980,2021-08-02,1.421,1.425,-0.2807017543859702
159980,2021-08-03,1.395,1.4102,-1.0778612962700218
159980,2021-08-04,1.394,1.396,-0.14326647564469885
159980,2021-08-05,1.383,1.3916,-0.6179936763437754
159980,2021-08-06,1.403,1.4014,0.11417154274298014
159980,2021-08-09,1.388,1.3954,-0.5303138884907632
159980,2021-08-10,1.395,1.3859,0.6566130312432472
159980,2021-08-11,1.4,1.4005,-0.0357015351660217
159980,2021-08-12,1.415,1.4152,-0.014132278123235587
159980,2021-08-13,1.405,1.409,-0.2838892831795614
159980,2021-08-16,1.403,1.4149,-0.8410488373736702
159980,2021-08-17,1.411,1.4153,-0.3038225111283821
159980,2021-08-18,1.394,1.4027,-0.6202324089256583
159980,2021-08-19,1.37,1.382,-0.8683068017365958
159980,2021-08-20,1.363,1.3615,0.11017260374586169
159980,2021-08-23,1.378,1.3767,0.09442870632672129
159980,2021-08-24,1.39,1.3898,0.014390559792776259
159980,2021-08-25,1.403,1.4047,-0.12102228233786816
159980,2021-08-26,1.393,1.4058,-0.9105135865699165
159980,2021-08-27,1.404,1.3991,0.35022514473590505
159980,2021-08-30,1.431,1.419,0.8456659619450413
159980,2021-08-31,1.427,1.4309,-0.27255573415333467
159980,2021-09-01,1.408,1.422,-0.9845288326300938
159980,2021-09-02,1.419,1.4139,0.360704434542769
159980,2021-09-03,1.409,1.4182,-0.6487096319277907
159980,2021-09-06,1.423,1.4274,-0.30825276726915707
159980,2021-09-07,1.415,1.4244,-0.6599269868014623
159980,2021-09-08,1.415,1.4247,-0.6808450901944263
159980,2021-09-09,1.44,1.4342,0.404406637846888
159980,2021-09-10,1.457,1.455,0.13745704467353903
159980,2021-09-13,1.479,1.4806,-0.10806429825744868
159980,2021-09-14,1.444,1.4518,-0.5372640859622524
159980,2021-09-15,1.442,1.4384,0.2502780867630783
159980,2021-09-16,1.439,1.4487,-0.6695658176296027
159980,2021-09-17,1.441,1.4389,0.14594481895893185
159980,2021-09-22,1.45,1.4343,1.094610611448088
159980,2021-09-23,1.451,1.4452,0.40132853584278205
159980,2021-09-24,1.459,1.4523,0.4613371892859597
159980,2021-09-27,1.435,1.4573,-1.5302271323680783
159980,2021-09-28,1.433,1.4379,-0.3407747409416406
159980,2021-09-29,1.428,1.4345,-0.45311955385153313
159980,2021-09-30,1.413,1.4234,-0.7306449346634825
159980,2021-10-08,1.441,1.4506,-0.6617951192609883
159980,2021-10-11,1.47,1.4646,0.36870135190496534
159980,2021-10-12,1.463,1.4781,-1.0215817603680288
159980,2021-10-13,1.47,1.478,-0.5412719891745632
159980,2021-10-14,1.523,1.4992,1.5875133404482211
159980,2021-10-15,1.536,1.5313,0.30692875334683567
159980,2021-10-18,1.603,1.5805,1.423600126542235
159980,2021-10-19,1.595,1.5821,0.8153719739586673
159980,2021-10-20,1.524,1.5414,-1.1288439081354684
159980,2021-10-21,1.521,1.5593,-2.456230359776823
159980,2021-10-22,1.499,1.5144,-1.016904384574735
159980,2021-10-25,1.501,1.5042,-0.21273766786332748
159980,2021-10-26,1.499,1.5036,-0.3059324288374521
159980,2021-10-27,1.468,1.4901,-1.4831219381249539
159980,2021-10-28,1.447,1.448,-0.06906077348065587
159980,2021-10-29,1.44,1.4561,-1.1056932902959948
159980,2021-11-01,1.458,1.4591,-0.07538893838668903
159980,2021-11-02,1.446,1.4533,-0.5023050987408073
159980,2021-11-03,1.473,1.4557,1.1884316823521424
159980,2021-11-04,1.453,1.4489,0.28297329008213357
159980,2021-11-05,1.417,1.4203,-0.23234527916636827
159980,2021-11-08,1.426,1.424,0.1404494382022392
159980,2021-11-09,1.437,1.4349,0.14635166213672335
159980,2021-11-10,1.429,1.4288,0.01399776035833078
159980,2021-11-11,1.454,1.4397,0.9932624852399874
159980,2021-11-12,1.455,1.4542,0.05501306560309338
159980,2021-11-15,1.442,1.4514,-0.6476505443020586
159980,2021-11-16,1.426,1.4368,-0.7516703786191625
159980,2021-11-17,1.42,1.4228,-0.1967950520101347
159980,2021-11-18,1.401,1.4122,-0.7930887976207224
159980,2021-11-19,1.44,1.4244,1.0951979780960297
159980,2021-11-22,1.443,1.4428,0.013861935126135982
159980,2021-11-23,1.457,1.4623,-0.3624427272105546
159980,2021-11-24,1.471,1.4692,0.12251565477812143
159980,2021-11-25,1.493,1.49,0.2013422818792021
159980,2021-11-26,1.455,1.4755,-1.3893595391392677
159980,2021-11-29,1.453,1.4474,0.3869006494403804
159980,2021-11-30,1.439,1.4506,-0.799669102440359
159980,2021-12-01,1.445,1.4488,-0.26228602981778204
159980,2021-12-02,1.43,1.4414,-0.7908977383099813
159980,2021-12-03,1.442,1.4425,-0.034662045060651625
159980,2021-12-06,1.421,1.4376,-1.1547022815804109
159980,2021-12-07,1.442,1.4343,0.5368472425573589
159980,2021-12-08,1.448,1.4461,0.13138787082498382
159980,2021-12-09,1.448,1.4491,-0.07590918501139132
159980,2021-12-10,1.45,1.4435,0.4502944232767536
159980,2021-12-13,1.454,1.4446,0.6506991554755537
159980,2021-12-14,1.444,1.4413,0.18733088184277324
159980,2021-12-15,1.425,1.4303,-0.3705516325246405
159980,2021-12-16,1.431,1.4183,0.8954382006627792
159980,2021-12-17,1.459,1.4513,0.53055880934334
159980,2021-12-20,1.435,1.4486,-0.9388374982742032
159980,2021-12-21,1.454,1.4441,0.6855480922373758
159980,2021-12-22,1.462,1.458,0.274348422496562
159980,2021-12-23,1.479,1.4765,0.16931933626820328
159980,2021-12-24,1.479,1.4766,0.1625355546525986
159980,2021-12-27,1.466,1.4729,-0.4684635752597033
159980,2021-12-28,1.48,1.4767,0.22347125347057517
159980,2021-12-29,1.476,1.4763,-0.020321072952644847
159980,2021-12-30,1.485,1.4828,0.14836795252226587
159980,2021-12-31,1.492,1.4894,0.17456693970725468
159980,2022-01-04,1.474,1.4828,-0.5934718100890191
159980,2022-01-05,1.486,1.4922,-0.41549390162176625
159980,2022-01-06,1.479,1.4903,-0.7582365966583793
159980,2022-01-07,1.488,1.4905,-0.16772895001676558
159980,2022-01-10,1.493,1.4951,-0.14045883218514188
159980,2022-01-11,1.497,1.4998,-0.18669155887450772
159980,2022-01-12,1.531,1.5249,0.40002623122827874
159980,2022-01-13,1.528,1.5431,-0.9785496727366949
159980,2022-01-14,1.536,1.5379,-0.12354509395929858
159980,2022-01-17,1.517,1.521,-0.2629848783694988
159980,2022-01-18,1.531,1.5245,0.42636930141028984
159980,2022-01-19,1.528,1.5306,-0.16986802561086423
159980,2022-01-20,1.571,1.5563,0.9445479663303891
159980,2022-01-21,1.565,1.5699,-0.3121217911968954
159980,2022-01-24,1.555,1.5711,-1.0247597224874339
159980,2022-01-25,1.516,1.5332,-1.1218366814505498
159980,2022-01-26,1.539,1.538,0.06501950585173777
159980,2022-01-27,1.54,1.5472,-0.46535677352635973
159980,2022-01-28,1.542,1.5485,-0.4197610590894407
159980,2022-02-07,1.557,1.5635,-0.4157339302846119
159980,2022-02-08,1.565,1.5679,-0.18496077555967272
159980,2022-02-09,1.563,1.5647,-0.10864702498881718
159980,2022-02-10,1.608,1.5931,0.9352834097043683
159980,2022-02-11,1.576,1.6024,-1.6475287069395939
159980,2022-02-14,1.58,1.5832,-0.2021222839817982
159980,2022-02-15,1.577,1.571,0.3819223424570417
159980,2022-02-16,1.579,1.5778,0.07605526682721298
159980,2022-02-17,1.575,1.5798,-0.30383592859856146
159980,2022-02-18,1.6,1.5907,0.5846482680580856
159980,2022-02-21,1.59,1.5881,0.11963982116995897
159980,2022-02-22,1.593,1.5928,0.012556504269212176
159980,2022-02-23,1.596,1.5972,-0.07513148009015147
159980,2022-02-24,1.607,1.5928,0.8915118031140201
159980,2022-02-25,1.585,1.5957,-0.6705521087923771
159980,2022-02-28,1.588,1.5885,-0.03147623544224043
159980,2022-03-01,1.592,1.5942,-0.13800025090954238
159980,2022-03-02,1.607,1.6092,-0.13671389510315768
159980,2022-03-03,1.64,1.6343,0.3487731750596579
159980,2022-03-04,1.641,1.645,-0.2431610942249196
159980,2022-03-07,1.72,1.6872,1.944049312470364
159980,2022-03-08,1.82,1.7264,5.421686746987953
159980,2022-03-09,1.758,1.7679,-0.5599864245715236
159980,2022-03-10,1.659,1.7286,-4.026379729260665
159980,2022-03-11,1.664,1.6722,-0.49037196507594194
159980,2022-03-14,1.64,1.6412,-0.07311723129418413
159980,2022-03-15,1.615,1.6431,-1.7101819730996337
159980,2022-03-16,1.665,1.6518,0.7991282237559183
159980,2022-03-17,1.653,1.6612,-0.49361907055140986
159980,2022-03-18,1.687,1.6722,0.885061595502945
159980,2022-03-21,1.671,1.6764,-0.3221188260558283
159980,2022-03-22,1.668,1.6634,0.27654202236382375
159980,2022-03-23,1.673,1.6696,0.2036415908001965
159980,2022-03-24,1.742,1.728,0.810185185185186
159980,2022-03-25,1.753,1.7695,-0.9324667985306734
159980,2022-03-28,1.729,1.7213,0.44733631557543063
159980,2022-03-29,1.721,1.7123,0.5080885358874188
159980,2022-03-30,1.732,1.7071,1.4586140237830225
159980,2022-03-31,1.708,1.7139,-0.3442441215940284
159980,2022-04-01,1.697,1.7074,-0.609113271641093
159980,2022-04-06,1.718,1.7157,0.13405607040857248
159980,2022-04-07,1.689,1.7025,-0.7929515418502064
159980,2022-04-08,1.696,1.6917,0.2541821836022917
159980,2022-04-11,1.667,1.6814,-0.8564291661710466
159980,2022-04-12,1.675,1.6704,0.27538314176245304
159980,2022-04-13,1.692,1.6982,-0.3650924508302844
159980,2022-04-14,1.713,1.7059,0.416202591007675
159980,2022-04-15,1.727,1.7238,0.18563638473141353
159980,2022-04-18,1.734,1.7345,-0.028826751225130565
159980,2022-04-19,1.745,1.7619,-0.9591917815994
159980,2022-04-20,1.732,1.7465,-0.8302318923561369
159980,2022-04-21,1.731,1.7399,-0.5115236507845178
159980,2022-04-22,1.744,1.7502,-0.35424522911666756
159980,2022-04-25,1.672,1.7082,-2.119189790422671
159980,2022-04-26,1.685,1.6745,0.6270528515974982
159980,2022-04-27,1.691,1.6933,-0.13582944546152165
159980,2022-04-28,1.691,1.6996,-0.5060014120969569
159980,2022-04-29,1.703,1.7044,-0.08214034264256709
159980,2022-05-05,1.68,1.6894,-0.5564105599621172
159980,2022-05-06,1.647,1.6597,-0.7651985298547936
159980,2022-05-09,1.614,1.6257,-0.7196899797010436
159980,2022-05-10,1.594,1.5908,0.2011566507417628
159980,2022-05-11,1.589,1.5919,-0.182172247000445
159980,2022-05-12,1.561,1.5932,-2.0210896309314608
159980,2022-05-13,1.577,1.5725,0.2861685214626375
159980,2022-05-16,1.58,1.5801,-0.006328713372572015
159980,2022-05-17,1.575,1.5839,-0.5619041606162112
159980,2022-05-18,1.557,1.5817,-1.561610924954171
159980,2022-05-19,1.58,1.5773,0.17117859633550836
159980,2022-05-20,1.597,1.6005,-0.21868166198063532
159980,2022-05-23,1.593,1.6041,-0.6919768094258538
159980,2022-05-24,1.581,1.5971,-1.0080771398159216
159980,2022-05-25,1.579,1.5846,-0.35340148933484805
159980,2022-05-26,1.558,1.5774,-1.229871941169003
159980,2022-05-27,1.595,1.5985,-0.21895527056615682
159980,2022-05-30,1.624,1.6221,0.11713211269341883
159980,2022-05-31,1.627,1.6328,-0.35521803037726896
159980,2022-06-01,1.609,1.6138,-0.29743462634774787
159980,2022-06-02,1.62,1.6265,-0.39963110974484684
159980,2022-06-06,1.624,1.6417,-1.078150697447755
159980,2022-06-07,1.624,1.6403,-0.9937206608547244
159980,2022-06-08,1.65,1.6384,0.7080078125
159980,2022-06-09,1.642,1.6486,-0.4003396821545602
159980,2022-06-10,1.633,1.6329,0.006124073733837498
159980,2022-06-13,1.598,1.6062,-0.5105217283028263
159980,2022-06-14,1.58,1.5801,-0.006328713372572015
159980,2022-06-15,1.569,1.5715,-0.15908367801463763
159980,2022-06-16,1.574,1.5817,-0.48681798065373094
159980,2022-06-17,1.549,1.5496,-0.03871966959215767
159980,2022-06-20,1.516,1.5326,-1.0831267127756727
159980,2022-06-21,1.522,1.5328,-0.7045929018789088
159980,2022-06-22,1.495,1.5235,-1.8706924844108963
159980,2022-06-23,1.479,1.4829,-0.26299817924337887
159980,2022-06-24,1.412,1.44,-1.9444444444444486
159980,2022-06-27,1.433,1.4071,1.8406651979248068
159980,2022-06-28,1.454,1.4339,1.401771392705209
159980,2022-06-29,1.417,1.432,-1.0474860335195513
159980,2022-06-30,1.43,1.4412,-0.7771301693033639
159980,2022-07-01,1.386,1.3952,-0.6594036697247785
159980,2022-07-04,1.375,1.3756,-0.04361733061936102
159980,2022-07-05,1.36,1.3781,-1.3134025107031433
159980,2022-07-06,1.323,1.3207,0.17415007193155585
159980,2022-07-07,1.331,1.3284,0.19572417946400744
159980,2022-07-08,1.328,1.35,-1.6296296296296364
159980,2022-07-11,1.328,1.3366,-0.643423612150229
159980,2022-07-12,1.32,1.3364,-1.227177491768927
159980,2022-07-13,1.304,1.3094,-0.4124026271574599
159980,2022-07-14,1.272,1.2867,-1.1424574492888695
159980,2022-07-15,1.222,1.2488,-2.146060217809087
159980,2022-07-18,1.28,1.2676,0.978226569895857
159980,2022-07-19,1.273,1.2968,-1.8352868599629923
159980,2022-07-20,1.3,1.2992,0.06157635467980427
159980,2022-07-21,1.308,1.3135,-0.4187285877426561
159980,2022-07-22,1.313,1.31,0.22900763358777443
159980,2022-07-25,1.311,1.3283,-1.3024166227508904
159980,2022-07-26,1.359,1.3447,1.0634342232468175
159980,2022-07-27,1.345,1.3449,0.007435497062968643
159980,2022-07-28,1.375,1.3614,0.9989716468341348
159980,2022-07-29,1.378,1.3745,0.25463805020005115
159980,2022-08-01,1.397,1.4038,-0.4843994871064239
159980,2022-08-02,1.376,1.39,-1.0071942446043147
159980,2022-08-03,1.369,1.3792,-0.7395591647331723
159980,2022-08-04,1.351,1.3737,-1.6524714275314767
159980,2022-08-05,1.392,1.3879,0.29541033215649826
159980,2022-08-08,1.387,1.3913,-0.30906346582333377
159980,2022-08-09,1.385,1.3922,-0.5171670736963119
159980,2022-08-10,1.386,1.4005,-1.035344519814363
159980,2022-08-11,1.42,1.4208,-0.05630630630631961
159980,2022-08-12,1.433,1.4425,-0.658578856152503
159980,2022-08-15,1.398,1.4155,-1.2363122571529495
159980,2022-08-16,1.406,1.4054,0.04269247189412351
159980,2022-08-17,1.406,1.4236,-1.2363023321157685
159980,2022-08-18,1.389,1.4082,-1.3634426927993104
159980,2022-08-19,1.398,1.4092,-0.7947771785410285
159980,2022-08-22,1.421,1.4283,-0.5110971084505977
159980,2022-08-23,1.426,1.4332,-0.5023723137036029
159980,2022-08-24,1.431,1.4371,-0.424465938348062
159980,2022-08-25,1.438,1.439,-0.06949270326616075
159980,2022-08-26,1.444,1.4509,-0.4755668895168652
159980,2022-08-29,1.414,1.4409,-1.8668887500867593
159980,2022-08-30,1.403,1.4145,-0.8130081300813052
159980,2022-08-31,1.406,1.4165,-0.7412636780797843
159980,2022-09-01,1.368,1.3933,-1.815832914663018
159980,2022-09-02,1.348,1.3563,-0.611959006119589
159980,2022-09-05,1.376,1.3698,0.45262082055774755
159980,2022-09-06,1.396,1.3996,-0.2572163475278666
159980,2022-09-07,1.374,1.3926,-1.3356311934510923
159980,2022-09-08,1.39,1.3964,-0.45832139788027915
159980,2022-09-09,1.435,1.4295,0.38474991255683655
159980,2022-09-13,1.444,1.4616,-1.2041598248494823
159980,2022-09-14,1.432,1.4456,-0.9407858328721708
159980,2022-09-15,1.437,1.446,-0.6224066390041472
159980,2022-09-16,1.425,1.4325,-0.5235602094240899
159980,2022-09-19,1.425,1.4491,-1.6631012352494645
159980,2022-09-20,1.439,1.4484,-0.6489919911626507
159980,2022-09-21,1.457,1.4569,0.006863889079555818
159980,2022-09-22,1.453,1.4566,-0.2471508993546534
159980,2022-09-23,1.441,1.4602,-1.3148883714559578
159980,2022-09-26,1.401,1.4193,-1.2893679983090212
159980,2022-09-27,1.414,1.4143,-0.021211906950435733
159980,2022-09-28,1.389,1.4012,-0.870682272337997
159980,2022-09-29,1.402,1.4115,-0.6730428622033324
159980,2022-09-30,1.41,1.424,-0.98314606741573
159980,2022-10-10,1.411,1.4186,-0.535739461440865
159980,2022-10-11,1.425,1.4391,-0.9797790285595132
159980,2022-10-12,1.425,1.4295,-0.31479538300104304
159980,2022-10-13,1.419,1.4339,-1.0391240672292246
159980,2022-10-14,1.448,1.44,0.5555555555555536
159980,2022-10-17,1.432,1.4399,-0.5486492117508179
159980,2022-10-18,1.428,1.4325,-0.3141361256544628
159980,2022-10-19,1.421,1.432,-0.7681564245810013
159980,2022-10-20,1.432,1.4378,-0.40339407428015006
159980,2022-10-21,1.426,1.4481,-1.5261376976728136
159980,2022-10-24,1.446,1.4528,-0.4680616740088239
159980,2022-10-25,1.454,1.4582,-0.2880263338362332
159980,2022-10-26,1.453,1.4595,-0.44535799931483266
159980,2022-10-27,1.455,1.4643,-0.6351157549682296
159980,2022-10-28,1.429,1.4537,-1.699112609204101
159980,2022-10-31,1.404,1.4253,-1.4944222268996055
159980,2022-11-01,1.433,1.4234,0.6744414781509
159980,2022-11-02,1.439,1.446,-0.48409405255878113
159980,2022-11-03,1.438,1.4458,-0.5394937059067684
159980,2022-11-04,1.456,1.4484,0.5247169290251374
159980,2022-11-07,1.478,1.4813,-0.22277729021805692
159980,2022-11-08,1.483,1.4803,0.18239546037965848
159980,2022-11-09,1.505,1.4983,0.4471734632583546
159980,2022-11-10,1.509,1.5111,-0.13897161008538106
159980,2022-11-11,1.547,1.5416,0.35028541774777544
159980,2022-11-14,1.528,1.5468,-1.2154124644427111
159980,2022-11-15,1.546,1.5489,-0.18722964684614318
159980,2022-11-16,1.546,1.5558,-0.6299010155547013
159980,2022-11-17,1.538,1.5398,-0.11689829848032796
159980,2022-11-18,1.529,1.5335,-0.2934463645256069
159980,2022-11-21,1.507,1.5198,-0.8422160810633073
159980,2022-11-22,1.5,1.5109,-0.7214243166324685
159980,2022-11-23,1.511,1.5211,-0.6639931628426798
159980,2022-11-24,1.521,1.524,-0.19685039370079815
159980,2022-11-25,1.524,1.5265,-0.1637733377006234
159980,2022-11-28,1.501,1.5099,-0.5894430094708358
159980,2022-11-29,1.524,1.5249,-0.05902026362383239
159980,2022-11-30,1.522,1.528,-0.39267015706806463
159980,2022-12-01,1.546,1.548,-0.12919896640827266
159980,2022-12-02,1.555,1.5544,0.03860010293359473
159980,2022-12-05,1.571,1.5682,0.17854865450834811
159980,2022-12-06,1.563,1.5683,-0.3379455461327563
159980,2022-12-07,1.555,1.572,-1.0814249363867767
159980,2022-12-08,1.581,1.579,0.1266624445851905
159980,2022-12-09,1.598,1.5959,0.1315871921799605
159980,2022-12-12,1.569,1.5801,-0.702487184355427
159980,2022-12-13,1.579,1.5795,-0.03165558721114348
159980,2022-12-14,1.581,1.5841,-0.195694716242667
159980,2022-12-15,1.569,1.5709,-0.12094977401490015
159980,2022-12-16,1.55,1.564,-0.8951406649616356
159980,2022-12-19,1.541,1.5561,-0.9703746545851932
159980,2022-12-20,1.542,1.5454,-0.2200077649799459
159980,2022-12-21,1.555,1.5568,-0.11562178828365965
159980,2022-12-22,1.561,1.5697,-0.5542460342740751
159980,2022-12-23,1.558,1.5584,-0.025667351129365912
159980,2022-12-26,1.567,1.5685,-0.0956327701625792
159980,2022-12-27,1.595,1.5882,0.4281576627628736
159980,2022-12-28,1.601,1.6029,-0.11853515503150724
159980,2022-12-29,1.594,1.5966,-0.16284604785168355
159980,2022-12-30,1.598,1.5959,0.1315871921799605
159980,2022-12-31,,1.5959,
159980,2023-01-03,1.584,1.5807,0.20876826722338038
159980,2023-01-04,1.562,1.5761,-0.8946132859590117
159980,2023-01-05,1.553,1.5492,0.24528789052413735
159980,2023-01-06,1.546,1.5496,-0.2323180175529238
159980,2023-01-09,1.556,1.5551,0.0578740916982845
159980,2023-01-10,1.556,1.5648,-0.5623721881390487
159980,2023-01-11,1.586,1.5756,0.660066006600668
159980,2023-01-12,1.588,1.591,-0.18856065367692798
159980,2023-01-13,1.602,1.5997,0.1437769581796644
159980,2023-01-16,1.598,1.6027,-0.2932551319648091
159980,2023-01-17,1.596,1.6037,-0.48013967699693794
159980,2023-01-18,1.625,1.6191,0.36439997529491563
159980,2023-01-19,1.631,1.6395,-0.5184507471790112
159980,2023-01-20,1.656,1.6491,0.4184100418409997
159980,2023-01-30,1.645,1.652,-0.4237288135593209
159980,2023-01-31,1.642,1.6486,-0.4003396821545602
159980,2023-02-01,1.657,1.654,0.18137847642081262
159980,2023-02-02,1.635,1.6428,-0.47479912344777775
159980,2023-02-03,1.636,1.6388,-0.1708567244325221
159980,2023-02-06,1.611,1.6144,-0.2106045589692851
159980,2023-02-07,1.604,1.5996,0.2750687671918106
159980,2023-02-08,1.619,1.6051,0.8659896579652271
159980,2023-02-09,1.608,1.6056,0.1494768310911887
159980,2023-02-10,1.606,1.6109,-0.3041777888136976
159980,2023-02-13,1.593,1.5951,-0.13165318788790348
159980,2023-02-14,1.596,1.5936,0.1506024096385561
159980,2023-02-15,1.577,1.5935,-1.0354565422026951
159980,2023-02-16,1.578,1.5792,-0.07598784194527974
159980,2023-02-17,1.578,1.5893,-0.7110048449002648
159980,2023-02-20,1.592,1.5862,0.36565376371202607
159980,2023-02-21,1.614,1.6144,-0.024777006937559687
159980,2023-02-22,1.616,1.6279,-0.7310031328705557
159980,2023-02-23,1.61,1.6167,-0.41442444485679797
159980,2023-02-24,1.597,1.5967,0.018788751800591363
159980,2023-02-27,1.565,1.5791,-0.8929136850104546
159980,2023-02-28,1.578,1.5829,-0.30955840545833224
159980,2023-03-01,1.594,1.5863,0.4854062913698609
159980,2023-03-02,1.58,1.5885,-0.5350960025180984
159980,2023-03-03,1.575,1.57,0.31847133757960666
159980,2023-03-06,1.568,1.5746,-0.41915407087513845
159980,2023-03-07,1.572,1.5753,-0.20948390782706827
159980,2023-03-08,1.559,1.5629,-0.2495361187536016
159980,2023-03-09,1.558,1.5622,-0.2688516195109458
159980,2023-03-10,1.531,1.5481,-1.1045798075059787
159980,2023-03-13,1.538,1.5344,0.2346193952033504
159980,2023-03-14,1.522,1.5269,-0.32091165105768704
159980,2023-03-15,1.526,1.5335,-0.48907727420932634
159980,2023-03-16,1.487,1.5011,-0.9393111718073444
159980,2023-03-17,1.503,1.4997,0.22004400880175634
159980,2023-03-20,1.494,1.5087,-0.9743487770928594
159980,2023-03-21,1.504,1.5067,-0.17919957523062635
159980,2023-03-22,1.518,1.513,0.33046926635824647
159980,2023-03-23,1.515,1.5215,-0.42720999014131955
159980,2023-03-24,1.553,1.5387,0.9293559498277704
159980,2023-03-27,1.545,1.5493,-0.2775446976053697
159980,2023-03-28,1.555,1.5576,-0.1669234720082291
159980,2023-03-29,1.555,1.5632,-0.5245649948822928
159980,2023-03-30,1.559,1.5619,-0.1856712977783559
159980,2023-03-31,1.555,1.5568,-0.11562178828365965
159980,2023-04-03,1.551,1.5569,-0.37895818613912224
159980,2023-04-04,1.546,1.5536,-0.48918640576725014
159980,2023-04-06,1.525,1.5315,-0.42442050277506915
159980,2023-04-07,1.537,1.5353,0.11072754510517147
159980,2023-04-10,1.528,1.5379,-0.6437349632615885
159980,2023-04-11,1.532,1.5274,0.30116537907554086
159980,2023-04-12,1.533,1.5378,-0.31213421771362215
159980,2023-04-13,1.541,1.5425,-0.0972447325769843
159980,2023-04-14,1.568,1.5622,0.3712712840865384
159980,2023-04-17,1.599,1.5796,1.2281590276019383
159980,2023-04-18,1.592,1.5876,0.2771478961955287
159980,2023-04-19,1.586,1.5958,-0.614112044115811
159980,2023-04-20,1.589,1.5925,-0.219780219780219
159980,2023-04-21,1.564,1.578,-0.8871989860583018
159980,2023-04-24,1.549,1.5619,-0.8259171521864506
159980,2023-04-25,1.549,1.5566,-0.48824360786329235
159980,2023-04-26,1.533,1.5331,-0.006522731720048913
159980,2023-04-27,1.519,1.5309,-0.7773205304069553
159980,2023-04-28,1.537,1.5344,0.16944734098018888
159980,2023-05-04,1.534,1.5411,-0.4607098825514133
159980,2023-05-05,1.526,1.5286,-0.1700902786863745
159980,2023-05-08,1.539,1.5395,-0.03247807729783725
159980,2023-05-09,1.528,1.5426,-0.9464540386360687
159980,2023-05-10,1.528,1.5334,-0.3521586017999234
159980,2023-05-11,1.494,1.511,-1.1250827266710672
159980,2023-05-12,1.467,1.4771,-0.683772256448445
159980,2023-05-15,1.479,1.4845,-0.37049511620073083
159980,2023-05-16,1.464,1.4784,-0.9740259740259716
159980,2023-05-17,1.47,1.4675,0.17035775127767216
159980,2023-05-18,1.489,1.4886,0.026870885395680055
159980,2023-05-19,1.484,1.4773,0.4535300886752802
159980,2023-05-22,1.464,1.4772,-0.8935824532900094
159980,2023-05-23,1.452,1.4654,-0.9144260952640981
159980,2023-05-24,1.44,1.4444,-0.304624757684846
159980,2023-05-25,1.44,1.4356,0.30649205906938537
159980,2023-05-26,1.457,1.4471,0.6841268744385287
159980,2023-05-29,1.469,1.466,0.20463847203275876
159980,2023-05-30,1.465,1.4714,-0.43495990213402447
159980,2023-05-31,1.456,1.4611,-0.3490520840462752
159980,2023-06-01,1.476,1.4646,0.778369520688238
159980,2023-06-02,1.485,1.4829,0.14161440420796811
159980,2023-06-05,1.463,1.4782,-1.0282776349614275
159980,2023-06-06,1.472,1.4807,-0.5875599378672214
159980,2023-06-07,1.475,1.4864,-0.7669537136706039
159980,2023-06-08,1.479,1.4896,-0.7116004296455425
159980,2023-06-09,1.504,1.4953,0.5818230455427065
159980,2023-06-12,1.49,1.5014,-0.7592913280937807
159980,2023-06-13,1.497,1.4948,0.1471768798501527
159980,2023-06-14,1.514,1.5185,-0.29634507737898996
159980,2023-06-15,1.522,1.5324,-0.6786739754633286
159980,2023-06-16,1.545,1.5449,0.006472910868016157
159980,2023-06-19,1.531,1.537,-0.39037085230969604
159980,2023-06-20,1.53,1.5353,-0.34520940532795086
159980,2023-06-21,1.533,1.5388,-0.37691707824278886
159980,2023-06-26,1.512,1.5216,-0.6309148264984299
159980,2023-06-27,1.515,1.515,0.0
159980,2023-06-28,1.51,1.5154,-0.3563415599841635
159980,2023-06-29,1.502,1.504,-0.13297872340425343
159980,2023-06-30,1.511,1.5071,0.25877513104637373
159980,2023-07-03,1.526,1.5268,-0.05239717055278703
159980,2023-07-04,1.525,1.5286,-0.23550961664268177
159980,2023-07-05,1.519,1.5235,-0.29537249753857076
159980,2023-07-06,1.538,1.5334,0.29998695708881584
159980,2023-07-07,1.527,1.5358,-0.5729912749055988
159980,2023-07-10,1.523,1.5305,-0.4900359359686468
159980,2023-07-11,1.535,1.5384,-0.22100884035362034
159980,2023-07-12,1.534,1.534,0.0
159980,2023-07-13,1.554,1.5561,-0.13495276653171517
159980,2023-07-14,1.557,1.567,-0.638162093171668
159980,2023-07-17,1.547,1.5611,-0.9032092755108634
159980,2023-07-18,1.548,1.5464,0.10346611484739476
159980,2023-07-19,1.547,1.5506,-0.2321681929575714
159980,2023-07-20,1.557,1.5561,0.05783689994216523
159980,2023-07-21,1.561,1.5614,-0.025618035096708347
159980,2023-07-24,1.55,1.5577,-0.4943185465750788
159980,2023-07-25,1.571,1.5705,0.03183699458770839
159980,2023-07-26,1.578,1.581,-0.1897533206831059
159980,2023-07-27,1.576,1.5857,-0.6117172226776879
159980,2023-07-28,1.582,1.5761,0.374341729585681
159980,2023-07-31,1.584,1.587,-0.1890359168241873
159980,2023-08-01,1.595,1.5991,-0.2563942217497339
159980,2023-08-02,1.584,1.5894,-0.3397508493771184
159980,2023-08-03,1.572,1.574,-0.12706480304955914
159980,2023-08-04,1.576,1.5806,-0.29102872326963736
159980,2023-08-07,1.57,1.5698,0.01274047649382215
159980,2023-08-08,1.565,1.5712,-0.3946028513238331
159980,2023-08-09,1.561,1.5579,0.19898581423709594
159980,2023-08-10,1.556,1.5598,-0.24362097704834218
159980,2023-08-11,1.55,1.5583,-0.5326317140473602
159980,2023-08-14,1.534,1.5449,-0.7055472846138833
159980,2023-08-15,1.544,1.543,0.06480881399870686
159980,2023-08-16,1.525,1.5361,-0.722609205129876
159980,2023-08-17,1.535,1.5327,0.15006198212303978
159980,2023-08-18,1.538,1.5445,-0.4208481709291001
159980,2023-08-21,1.55,1.5475,0.1615508885298933
159980,2023-08-22,1.559,1.5569,0.13488342218510585
159980,2023-08-23,1.567,1.5685,-0.0956327701625792
159980,2023-08-24,1.561,1.5734,-0.7881021990593595
159980,2023-08-25,1.563,1.5692,-0.39510578638797256
159980,2023-08-28,1.558,1.5697,-0.745365356437544
159980,2023-08-29,1.564,1.5662,-0.14046737326012249
159980,2023-08-30,1.57,1.5712,-0.07637474541750677
159980,2023-08-31,1.572,1.5782,-0.392852616905337
159980,2023-09-01,1.593,1.5857,0.4603645077883467
159980,2023-09-04,1.587,1.5995,-0.7814942169427908
159980,2023-09-05,1.591,1.5915,-0.03141690229343519
159980,2023-09-06,1.598,1.6007,-0.1686762041606782
159980,2023-09-07,1.591,1.5944,-0.21324636226793814
159980,2023-09-08,1.579,1.5861,-0.4476388626190042
159980,2023-09-11,1.585,1.5804,0.29106555302453874
159980,2023-09-12,1.582,1.5921,-0.6343822624207074
159980,2023-09-13,1.575,1.5806,-0.3542958370239213
159980,2023-09-14,1.589,1.5847,0.27134473401906334
159980,2023-09-15,1.595,1.5961,-0.0689179875947632
159980,2023-09-18,1.594,1.5896,0.27679919476599757
159980,2023-09-19,1.578,1.5861,-0.5106865897484436
159980,2023-09-20,1.586,1.5866,-0.03781671498802597
159980,2023-09-21,1.571,1.5839,-0.8144453563987741
159980,2023-09-22,1.573,1.5702,0.17832123296395164
159980,2023-09-25,1.57,1.5779,-0.5006654414094647
159980,2023-09-26,1.559,1.5725,-0.8585055643879236
159980,2023-09-27,1.551,1.5603,-0.5960392232263079
159980,2023-09-28,1.55,1.56,-0.6410256410256387
159980,2023-10-09,1.55,1.5551,-0.32795318629026404
159980,2023-10-10,1.526,1.5454,-1.2553384237090737
159980,2023-10-11,1.535,1.5372,-0.1431173562321142
159980,2023-10-12,1.541,1.5391,0.12344876876095867
159980,2023-10-13,1.533,1.5364,-0.2212965373600717
159980,2023-10-16,1.539,1.5392,-0.012993762993762648
159980,2023-10-17,1.524,1.5336,-0.6259780907668211
159980,2023-10-18,1.535,1.5371,-0.13662090950491423
159980,2023-10-19,1.532,1.5387,-0.4354325079612642
159980,2023-10-20,1.521,1.5346,-0.8862244233024952
159980,2023-10-23,1.517,1.5263,-0.6093166481032641
159980,2023-10-24,1.532,1.5277,0.28146887477906724
159980,2023-10-25,1.538,1.5405,-0.1622849724115527
159980,2023-10-26,1.529,1.5356,-0.42979942693410766
159980,2023-10-27,1.531,1.5294,0.10461618935528882
159980,2023-10-30,1.543,1.5462,-0.20695899624887382
159980,2023-10-31,1.538,1.544,-0.38860103626943143
159980,2023-11-01,1.524,1.5313,-0.47671912753869394
159980,2023-11-02,1.531,1.5381,-0.46160847799233684
159980,2023-11-03,1.543,1.5413,0.1102965029520453
159980,2023-11-06,1.539,1.5417,-0.17513134851139256
159980,2023-11-07,1.537,1.5467,-0.6271416564298193
159980,2023-11-08,1.539,1.539,0.0
159980,2023-11-09,1.535,1.5415,-0.42166720726566354
159980,2023-11-10,1.532,1.5398,-0.5065592934147323
159980,2023-11-13,1.535,1.5308,0.2743663443950828
159980,2023-11-14,1.534,1.5367,-0.1757011778486306
159980,2023-11-15,1.544,1.5431,0.0583241526796785
159980,2023-11-16,1.543,1.5443,-0.08418053487017074
159980,2023-11-17,1.536,1.5383,-0.1495156991484059
159980,2023-11-20,1.531,1.535,-0.2605863192182367
159980,2023-11-21,1.526,1.5356,-0.6251628028132394
159980,2023-11-22,1.514,1.5262,-0.7993709867645138
159980,2023-11-23,1.507,1.5141,-0.4689254342513771
159980,2023-11-24,1.514,1.5173,-0.2174915969155755
159980,2023-11-27,1.507,1.5122,-0.3438698584843358
159980,2023-11-28,1.508,1.5074,0.03980363539870524
159980,2023-11-29,1.507,1.5146,-0.501782648884197
159980,2023-11-30,1.51,1.5127,-0.17848879487009084
159980,2023-12-01,1.507,1.5091,-0.13915578821815933
159980,2023-12-04,1.508,1.5173,-0.6129308640347997
159980,2023-12-05,1.491,1.5028,-0.7852009582113295
159980,2023-12-06,1.502,1.4957,0.42120746138931686
159980,2023-12-07,1.498,1.4995,-0.10003334444815826
159980,2023-12-08,1.506,1.5047,0.08639595932744548
159980,2023-12-11,1.508,1.5118,-0.2513559994708259
159980,2023-12-12,1.508,1.5062,0.11950604169432832
159980,2023-12-13,1.498,1.5053,-0.48495316548197165
159980,2023-12-14,1.512,1.5103,0.11256041845990605
159980,2023-12-15,1.516,1.5234,-0.48575554680321265
159980,2023-12-18,1.524,1.5252,-0.07867820613689513
159980,2023-12-19,1.525,1.5233,0.11159981618853454
159980,2023-12-20,1.529,1.5323,-0.2153625269203263
159980,2023-12-21,1.531,1.5307,0.019598876331095028
159980,2023-12-22,1.534,1.5389,-0.3184092533627836
159980,2023-12-25,1.535,1.5384,-0.22100884035362034
159980,2023-12-26,1.537,1.5416,-0.2983912817851708
159980,2023-12-27,1.545,1.543,0.12961762799741372
159980,2023-12-28,1.546,1.5537,-0.4955911694664361
159980,2023-12-29,1.538,1.5432,-0.33696215655779627
159980,2023-12-31,,1.5432,
159980,2024-01-02,1.544,1.5409,0.2011811279122755
159980,2024-01-03,1.537,1.5396,-0.16887503247597913
159980,2024-01-04,1.525,1.5334,-0.5478022694665574
159980,2024-01-05,1.519,1.5256,-0.43261667540640536
159980,2024-01-08,1.521,1.5239,-0.19030120086620528
159980,2024-01-09,1.518,1.5209,-0.19067657308171615
159980,2024-01-10,1.513,1.5194,-0.4212189021982504
159980,2024-01-11,1.529,1.5248,0.2754459601259196
159980,2024-01-12,1.523,1.5275,-0.29459901800328314
159980,2024-01-15,1.519,1.5213,-0.15118648524289346
159980,2024-01-16,1.517,1.5205,-0.23018743834265498
159980,2024-01-17,1.517,1.5242,-0.47237895289332643
159980,2024-01-18,1.514,1.5167,-0.17801806553701116
159980,2024-01-19,1.513,1.5159,-0.19130549508543648
159980,2024-01-22,1.512,1.5196,-0.5001316135825218
159980,2024-01-23,1.526,1.5218,0.2759889604415866
159980,2024-01-24,1.535,1.534,0.06518904823988869
159980,2024-01-25,1.539,1.5432,-0.27216174183514186
159980,2024-01-26,1.54,1.5493,-0.6002710901697461
159980,2024-01-29,1.538,1.5474,-0.6074705958381887
159980,2024-01-30,1.534,1.5436,-0.6219227779217462
159980,2024-01-31,1.539,1.5445,-0.35610229847847785
159980,2024-02-01,1.53,1.5425,-0.8103727714748765
159980,2024-02-02,1.52,1.5309,-0.7119994774315686
159980,2024-02-05,1.512,1.5236,-0.7613546862693665
159980,2024-02-06,1.509,1.5146,-0.3697345833883592
159980,2024-02-07,1.511,1.5156,-0.3035101609923596
159980,2024-02-08,1.518,1.5163,0.11211501681724911
159980,2024-02-19,1.514,1.5205,-0.42749095692206085
159980,2024-02-20,1.51,1.5166,-0.43518396413029237
159980,2024-02-21,1.525,1.5237,0.08531863227667635
159980,2024-02-22,1.528,1.5301,-0.13724593163845222
159980,2024-02-23,1.535,1.537,-0.13012361743656164
159980,2024-02-26,1.529,1.5346,-0.36491593900691566
159980,2024-02-27,1.533,1.5329,0.006523582751638557
159980,2024-02-28,1.529,1.5354,-0.4168294906864767
159980,2024-02-29,1.54,1.5369,0.20170473030125535
159980,2024-03-01,1.538,1.5423,-0.27880438306425726
159980,2024-03-04,1.543,1.5421,0.05836197393165321
159980,2024-03-05,1.542,1.5468,-0.3103180760279267
159980,2024-03-06,1.544,1.5438,0.01295504599041486
159980,2024-03-07,1.552,1.5527,-0.04508275906485171
159980,2024-03-08,1.565,1.5648,0.01278118609406853
159980,2024-03-11,1.559,1.56,-0.06410256410257498
159980,2024-03-12,1.562,1.567,-0.3190810465858229
159980,2024-03-13,1.576,1.5715,0.2863506204263455
159980,2024-03-14,1.586,1.5939,-0.4956396260744067
159980,2024-03-15,1.61,1.5995,0.6564551422319598
159980,2024-03-18,1.606,1.6085,-0.15542430836182897
159980,2024-03-19,1.599,1.6101,-0.6893981740264676
159980,2024-03-20,1.593,1.5966,-0.22547914317926354
159980,2024-03-21,1.609,1.6024,0.41188217673489014
159980,2024-03-22,1.592,1.5982,-0.3879364284820386
159980,2024-03-25,1.588,1.5958,-0.4887830555207473
159980,2024-03-26,1.577,1.5888,-0.742698892245719
159980,2024-03-27,1.577,1.582,-0.3160556257901459
159980,2024-03-28,1.585,1.5839,0.06944882884019066
159980,2024-03-29,1.598,1.5922,0.3642758447431227
159980,2024-04-01,1.599,1.5975,0.09389671361501595
159980,2024-04-02,1.603,1.6052,-0.13705457263891718
159980,2024-04-03,1.618,1.6157,0.14235315962123352
159980,2024-04-08,1.65,1.6465,0.21257212268446235
159980,2024-04-09,1.66,1.6632,-0.19240019240019945
159980,2024-04-10,1.693,1.6803,0.7558174135571027
159980,2024-04-11,1.678,1.6812,-0.19034023316678583
159980,2024-04-12,1.701,1.6839,1.0154997327632254
159980,2024-04-15,1.693,1.7024,-0.5521616541353302
159980,2024-04-16,1.678,1.6919,-0.8215615580117075
159980,2024-04-17,1.683,1.6827,0.017828489926907665
159980,2024-04-18,1.721,1.7043,0.9798744352520261
159980,2024-04-19,1.734,1.7258,0.47514196314752954
159980,2024-04-22,1.737,1.7551,-1.0312802689305456
159980,2024-04-23,1.689,1.7228,-1.9619224518226175
159980,2024-04-24,1.717,1.7114,0.32721748276265394
159980,2024-04-25,1.733,1.7237,0.5395370424087664
159980,2024-04-26,1.755,1.7455,0.5442566599828114
159980,2024-04-29,1.745,1.7505,-0.3141959440159825
159980,2024-04-30,1.763,1.7672,-0.23766410140335648
159980,2024-05-06,1.769,1.7583,0.6085423420349123
159980,2024-05-07,1.753,1.7659,-0.7305056911489971
159980,2024-05-08,1.731,1.749,-1.0291595197255532
159980,2024-05-09,1.74,1.7432,-0.18357044515833199
159980,2024-05-10,1.77,1.7562,0.7857874957294175
159980,2024-05-13,1.762,1.7602,0.10226110669242505
159980,2024-05-14,1.79,1.7851,0.27449442608258323
159980,2024-05-15,1.793,1.785,0.4481792717086819
159980,2024-05-16,1.796,1.7958,0.011137097672353491
159980,2024-05-17,1.83,1.8132,0.9265387160820815
159980,2024-05-20,1.873,1.8666,0.34286938819243495
159980,2024-05-21,1.866,1.8763,-0.548952726109897
159980,2024-05-22,1.862,1.8749,-0.688036695290406
159980,2024-05-23,1.808,1.8285,-1.1211375444353244
159980,2024-05-24,1.823,1.8271,-0.22439932132888307
159980,2024-05-27,1.822,1.8304,-0.4589160839160833
159980,2024-05-28,1.845,1.8539,-0.48006904363774305
159980,2024-05-29,1.869,1.8603,0.4676665054023532
159980,2024-05-30,1.825,1.8503,-1.3673458358104185
159980,2024-05-31,1.824,1.82,0.219780219780219
159980,2024-06-03,1.79,1.8061,-0.8914235092187583
159980,2024-06-04,1.8,1.8036,-0.1996007984031989
159980,2024-06-05,1.759,1.7772,-1.0240828269187485
159980,2024-06-06,1.777,1.7762,0.04503997297600204
159980,2024-06-07,1.787,1.7924,-0.30127203749164
159980,2024-06-11,1.752,1.7596,-0.4319163446237839
159980,2024-06-12,1.757,1.7509,0.34839225541150043
159980,2024-06-13,1.753,1.759,-0.34110289937464566
159980,2024-06-14,1.743,1.7493,-0.36014405762304635
159980,2024-06-17,1.714,1.7293,-0.884751055340316
159980,2024-06-18,1.717,1.7277,-0.6193204838803035
159980,2024-06-19,1.734,1.7292,0.2775850104094424
159980,2024-06-20,1.749,1.7475,0.08583690987125081
159980,2024-06-21,1.738,1.7514,-0.765102203951129
159980,2024-06-24,1.731,1.7337,-0.15573628655476401
159980,2024-06-25,1.733,1.7341,-0.06343348134478788
159980,2024-06-26,1.731,1.7218,0.5343245440817768
159980,2024-06-27,1.714,1.7274,-0.7757323144610417
159980,2024-06-28,1.74,1.734,0.34602076124568004
159980,2024-06-30,,1.734,
159980,2024-07-01,1.74,1.7431,-0.1778440709081619
159980,2024-07-02,1.748,1.7498,-0.1028688993027771
159980,2024-07-03,1.763,1.754,0.5131128848346656
159980,2024-07-04,1.766,1.7694,-0.1921555329490232
159980,2024-07-05,1.771,1.7691,0.10739924255271927
159980,2024-07-08,1.76,1.7715,-0.6491673722833768
159980,2024-07-09,1.774,1.7695,0.2543091268719877
159980,2024-07-10,1.746,1.7563,-0.5864601719523965
159980,2024-07-11,1.76,1.7587,0.07391823505999984
159980,2024-07-12,1.736,1.7439,-0.4530076265840899
159980,2024-07-15,1.742,1.7466,-0.26336883087140217
159980,2024-07-16,1.737,1.7402,-0.18388690955062348
159980,2024-07-17,1.723,1.7263,-0.19116028500260063
159980,2024-07-18,1.715,1.7133,0.09922372030584103
159980,2024-07-19,1.682,1.6908,-0.5204636858291978
159980,2024-07-22,1.662,1.6758,-0.8234872896527023
159980,2024-07-23,1.642,1.6567,-0.8873060904207253
159980,2024-07-24,1.649,1.6467,0.13967328596586892
159980,2024-07-25,1.61,1.6271,-1.050949542130164
159980,2024-07-26,1.631,1.6321,-0.06739783101525898
159980,2024-07-29,1.632,1.6369,-0.2993463253711415
159980,2024-07-30,1.619,1.6219,-0.17880263888031545
159980,2024-07-31,1.645,1.6294,0.9574076347121707
159980,2024-08-01,1.649,1.6571,-0.4888057449761618
159980,2024-08-02,1.637,1.6364,0.036665851869943644
159980,2024-08-05,1.6,1.6163,-1.00847614922972
159980,2024-08-06,1.579,1.5829,-0.24638322067092044
159980,2024-08-07,1.586,1.5899,-0.24529844644317622
159980,2024-08-08,1.577,1.5812,-0.2656210473058418
159980,2024-08-09,1.608,1.6004,0.47488127968007277
159980,2024-08-12,1.618,1.6097,0.5156240293222369
159980,2024-08-13,1.61,1.6174,-0.4575244219117036
159980,2024-08-14,1.6,1.6049,-0.30531497289549847
159980,2024-08-15,1.62,1.6108,0.5711447727837049
159980,2024-08-16,1.638,1.6324,0.34305317324183626
159980,2024-08-19,1.641,1.6346,0.3915330967820818
159980,2024-08-20,1.64,1.643,-0.1825928180158365
159980,2024-08-21,1.649,1.6455,0.2127013065937433
159980,2024-08-22,1.652,1.6509,0.06663032285418868
159980,2024-08-23,1.651,1.6458,0.3159557661927437
159980,2024-08-26,1.67,1.6614,0.5176357289033318
159980,2024-08-27,1.67,1.6689,0.06591167835099387
159980,2024-08-28,1.662,1.6732,-0.669376045900083
159980,2024-08-29,1.655,1.656,-0.06038647342994086
159980,2024-08-30,1.655,1.6536,0.08466376390905417
159980,2024-09-02,1.63,1.6425,-0.7610350076103556
159980,2024-09-03,1.621,1.6341,-0.8016645248148935
159980,2024-09-04,1.596,1.6086,-0.7832898172323688
159980,2024-09-05,1.586,1.6003,-0.8935824532900094
159980,2024-09-06,1.611,1.6011,0.6183249016301406
159980,2024-09-09,1.596,1.5909,0.3205732604186329
159980,2024-09-10,1.603,1.5996,0.2125531382845658
159980,2024-09-11,1.61,1.5966,0.8392834773894631
159980,2024-09-12,1.626,1.6156,0.6437236939836666
159980,2024-09-13,1.63,1.6335,-0.2142638506274941
159980,2024-09-18,1.633,1.6379,-0.29916356309908076
159980,2024-09-19,1.666,1.6454,1.2519752035978993
159980,2024-09-20,1.669,1.6637,0.31856704934785096
159980,2024-09-23,1.646,1.6517,-0.3450989889205114
159980,2024-09-24,1.674,1.6645,0.5707419645539114
159980,2024-09-25,1.675,1.6912,-0.9578997161778569
159980,2024-09-26,1.691,1.6878,0.18959592368763545
159980,2024-09-27,1.71,1.7094,0.03510003510003301
159980,2024-09-30,1.757,1.7237,1.9318907002378483
159980,2024-10-08,1.732,1.7318,0.011548677676409547
159980,2024-10-09,1.705,1.7175,-0.727802037845704
159980,2024-10-10,1.701,1.7012,-0.011756407241947375
159980,2024-10-11,1.708,1.7146,-0.38492942960456356
159980,2024-10-14,1.715,1.7228,-0.45275133503599463
159980,2024-10-15,1.696,1.7059,-0.580338824081128
159980,2024-10-16,1.707,1.7047,0.13492110048689554
159980,2024-10-17,1.678,1.7016,-1.386929948283977
159980,2024-10-18,1.696,1.6919,0.2423311070394174
159980,2024-10-21,1.709,1.7051,0.2287255879420469
159980,2024-10-22,1.694,1.696,-0.1179245283018826
159980,2024-10-23,1.691,1.6952,-0.2477583765927327
159980,2024-10-24,1.702,1.6944,0.4485363550519317
159980,2024-10-25,1.686,1.6901,-0.2425891959055626
159980,2024-10-28,1.693,1.691,0.11827321111768097
159980,2024-10-29,1.68,1.6856,-0.33222591362126463
159980,2024-10-30,1.685,1.687,-0.11855364552459946
159980,2024-10-31,1.681,1.6836,-0.154430981230691
159980,2024-11-01,1.683,1.6826,0.023772732675619856
159980,2024-11-04,1.702,1.6943,0.4544649707844073
159980,2024-11-05,1.703,1.6993,0.21773671511799986
159980,2024-11-06,1.691,1.7038,-0.7512618851977848
159980,2024-11-07,1.698,1.6871,0.6460790705945074
159980,2024-11-08,1.708,1.7162,-0.4777997902342346
159980,2024-11-11,1.702,1.7013,0.04114500675953536
159980,2024-11-12,1.676,1.6851,-0.540027298083201
159980,2024-11-13,1.655,1.6644,-0.5647680845950576
159980,2024-11-14,1.633,1.6462,-0.801846677195972
159980,2024-11-15,1.642,1.6429,-0.05478117962141038
159980,2024-11-18,1.641,1.6404,0.036576444769553795
159980,2024-11-19,1.65,1.6456,0.2673796791443861
159980,2024-11-20,1.66,1.6561,0.2354930257834731
159980,2024-11-21,1.657,1.6596,-0.1566642564473364
159980,2024-11-22,1.642,1.6488,-0.41242115477924113
159980,2024-11-25,1.655,1.6528,0.13310745401742263
159980,2024-11-26,1.649,1.6547,-0.34447331842630824
159980,2024-11-27,1.653,1.6532,-0.012097749818529291
159980,2024-11-28,1.642,1.6512,-0.5571705426356655
159980,2024-11-29,1.65,1.6482,0.10921004732433737
159980,2024-12-02,1.652,1.651,0.06056935190792423
159980,2024-12-03,1.656,1.6543,0.10276249773317758
159980,2024-12-04,1.668,1.6673,0.04198404606248207
159980,2024-12-05,1.663,1.6659,-0.17408007683533677
159980,2024-12-06,1.665,1.6654,-0.024018253872937212
159980,2024-12-09,1.666,1.6672,-0.07197696737044623
159980,2024-12-10,1.671,1.6797,-0.5179496338631906
159980,2024-12-11,1.676,1.6793,-0.19651045078307172
159980,2024-12-12,1.685,1.6819,0.1843153576312595
159980,2024-12-13,1.671,1.6718,-0.04785261394902873
159980,2024-12-16,1.66,1.6631,-0.18639889363237794
159980,2024-12-17,1.656,1.6594,-0.20489333494034812
159980,2024-12-18,1.644,1.6479,-0.23666484616785555
159980,2024-12-19,1.636,1.6409,-0.29861661283442364
159980,2024-12-20,1.639,1.6369,0.12829128230191778
159980,2024-12-23,1.65,1.645,0.3039513677811412
159980,2024-12-24,1.647,1.6429,0.24955870716416584
159980,2024-12-25,1.648,1.6484,-0.02426595486533234
159980,2024-12-26,1.644,1.6491,-0.30925959614335197
159980,2024-12-27,1.639,1.6467,-0.4676018704074858
159980,2024-12-30,1.644,1.6417,0.14009867819941846
159980,2024-12-31,1.635,1.6381,-0.18924363591965587
159980,2025-01-02,1.63,1.6324,-0.14702278853223616
159980,2025-01-03,1.62,1.623,-0.1848428835489746
159980,2025-01-06,1.623,1.6268,-0.23358741086796364
159980,2025-01-07,1.635,1.6367,-0.1038675383393417
159980,2025-01-08,1.638,1.6406,-0.15847860538827918
159980,2025-01-09,1.646,1.6419,0.249710701017114
159980,2025-01-10,1.652,1.6523,-0.01815650910852451
159980,2025-01-13,1.657,1.6583,-0.07839353554845996
159980,2025-01-14,1.657,1.6577,-0.042227182240450745
159980,2025-01-15,1.646,1.651,-0.30284675953967666
159980,2025-01-16,1.663,1.6605,0.1505570611261664
159980,2025-01-17,1.675,1.671,0.2393776181927043
159980,2025-01-20,1.662,1.6642,-0.13219564956135077
159980,2025-01-21,1.667,1.667,0.0
159980,2025-01-22,1.66,1.6616,-0.0962927298988947
159980,2025-01-23,1.645,1.6493,-0.2607166676771966
159980,2025-01-24,1.656,1.6512,0.29069767441860517
159980,2025-01-27,1.652,1.6508,0.07269202810757935
159980,2025-02-05,1.652,1.6502,0.10907768755301639
159980,2025-02-06,1.674,1.6628,0.6735626653836757
159980,2025-02-07,1.687,1.6816,0.3211227402473815
159980,2025-02-10,1.687,1.6898,-0.1657000828500399
159980,2025-02-11,1.686,1.6867,-0.04150115610364047
159980,2025-02-12,1.684,1.6777,0.37551409667997415
159980,2025-02-13,1.689,1.6869,0.12448870709584892
159980,2025-02-14,1.7,1.6931,0.407536471561043
159980,2025-02-17,1.685,1.6908,-0.34303288384196495
159980,2025-02-18,1.683,1.6824,0.035663338088465224
159980,2025-02-19,1.683,1.6834,-0.02376143519068341
159980,2025-02-20,1.7,1.6905,0.5619639160011847
159980,2025-02-21,1.688,1.6947,-0.39535020947660815
159980,2025-02-24,1.689,1.6912,-0.13008514664143433
159980,2025-02-25,1.678,1.683,-0.2970885323826611
159980,2025-02-26,1.681,1.6823,-0.07727515900849413
159980,2025-02-27,1.673,1.6774,-0.26231071896982705
159980,2025-02-28,1.676,1.6795,-0.20839535576064883
159980,2025-03-03,1.682,1.6794,0.1548171966178291
159980,2025-03-04,1.68,1.6851,-0.30265266156311865
159980,2025-03-05,1.689,1.6836,0.32074126870991204
159980,2025-03-06,1.7,1.6986,0.08242081714351368
159980,2025-03-07,1.707,1.714,-0.40840140023337135
159980,2025-03-10,1.711,1.7124,-0.08175659892547538
159980,2025-03-11,1.71,1.7043,0.33444816053511683
159980,2025-03-12,1.726,1.7209,0.2963565576151961
159980,2025-03-13,1.729,1.733,-0.230813618003467
159980,2025-03-14,1.761,1.7495,0.657330665904543
159980,2025-03-17,1.758,1.7498,0.4686249857126512
159980,2025-03-18,1.737,1.744,-0.4013761467889898
159980,2025-03-19,1.749,1.7453,0.21199793731736527
159980,2025-03-20,1.754,1.7529,0.06275315191968112
159980,2025-03-21,1.736,1.7473,-0.6467120700509366
159980,2025-03-24,1.756,1.7446,0.653444915739998
159980,2025-03-25,1.753,1.7509,0.11993831743675187
159980,2025-03-26,1.757,1.7639,-0.3911786382448046
159980,2025-03-27,1.757,1.7575,-0.02844950213372055
159980,2025-03-28,1.741,1.7447,-0.21207084312487856
159980,2025-03-31,1.73,1.7375,-0.4316546762589968
159980,2025-04-01,1.74,1.7302,0.5664085076869663
159980,2025-04-02,1.739,1.7323,0.38676903538648055
159980,2025-04-03,1.708,1.7187,-0.6225635654855344
159980,2025-04-07,1.587,1.6205,-2.0672631903733474
159980,2025-04-08,1.597,1.6108,-0.8567171591755685
159980,2025-04-09,1.574,1.5882,-0.8940939428283556
159980,2025-04-10,1.627,1.6066,1.269762230797955
159980,2025-04-11,1.626,1.6239,0.1293183077775817
159980,2025-04-14,1.647,1.6445,0.1520218911523319
159980,2025-04-15,1.641,1.6455,-0.27347310847766204
159980,2025-04-16,1.631,1.6389,-0.4820306303008115
159980,2025-04-17,1.644,1.6437,0.01825150574921164
159980,2025-04-18,1.646,1.6471,-0.06678404468459798
159980,2025-04-21,1.67,1.6569,0.790633110024741
159980,2025-04-22,1.658,1.6606,-0.1565699144887467
159980,2025-04-23,1.669,1.6709,-0.11371117361901328
159980,2025-04-24,1.668,1.6715,-0.2093927609931212
159980,2025-04-25,1.674,1.6753,-0.07759804214171329
159980,2025-04-28,1.667,1.6672,-0.011996161228400304
159980,2025-04-29,1.665,1.6696,-0.27551509343555214
159980,2025-04-30,1.658,1.6681,-0.6054792878124826
159980,2025-05-06,1.661,1.6662,-0.31208738446764084
159980,2025-05-07,1.66,1.6661,-0.36612448232399286
159980,2025-05-08,1.652,1.657,-0.3017501508750797
159980,2025-05-09,1.654,1.658,-0.24125452352231624
159980,2025-05-12,1.675,1.6706,0.26337842691248614
159980,2025-05-13,1.673,1.6713,0.10171722611140854
159980,2025-05-14,1.692,1.682,0.5945303210463715
159980,2025-05-15,1.678,1.6851,-0.4213399798231654
159980,2025-05-16,1.678,1.6808,-0.16658733936221193
159980,2025-05-19,1.673,1.6721,0.053824532025603666
159980,2025-05-20,1.667,1.671,-0.2393776181927043
159980,2025-05-21,1.681,1.6796,0.0833531793284159
159980,2025-05-22,1.671,1.6763,-0.3161725228181034
159980,2025-05-23,1.672,1.6727,-0.04184850839960008
159980,2025-05-26,1.675,1.6763,-0.07755175087990063
159980,2025-05-27,1.674,1.6764,-0.14316392269148048
159980,2025-05-28,1.665,1.6745,-0.5673335323977291
159980,2025-05-29,1.67,1.6694,0.03594105666706593
159980,2025-05-30,1.658,1.6646,-0.3964916496455695
159980,2025-06-03,1.655,1.6618,-0.4091948489589603
159980,2025-06-04,1.674,1.672,0.11961722488038617
159980,2025-06-05,1.675,1.6736,0.08365200764819392
159980,2025-06-06,1.685,1.685,0.0
159980,2025-06-09,1.685,1.6823,0.16049456101765447
159980,2025-06-10,1.683,1.6852,-0.13054830287205776
159980,2025-06-11,1.692,1.6895,0.14797277300975242
159980,2025-06-12,1.683,1.6832,-0.011882129277562825
159980,2025-06-13,1.672,1.6771,-0.3040963568063937
159980,2025-06-16,1.677,1.6729,0.24508338812840869
159980,2025-06-17,1.676,1.6774,-0.08346250149040557
159980,2025-06-18,1.684,1.6803,0.22019877402845722
159980,2025-06-19,1.675,1.6799,-0.29168402881123434
159980,2025-06-20,1.669,1.6738,-0.2867726132154358
159980,2025-06-23,1.672,1.6752,-0.19102196752627254
159980,2025-06-24,1.679,1.6763,0.16106902105830212
159980,2025-06-25,1.684,1.6809,0.18442501041107118
159980,2025-06-26,1.696,1.6918,0.2482562950703482
159980,2025-06-27,1.708,1.7105,-0.14615609470914892
159980,2025-06-30,1.709,1.7099,-0.052634656997474494
159980,2025-07-01,1.719,1.7097,0.5439550798385762
159980,2025-07-02,1.717,1.7201,-0.1802220801116139
159980,2025-07-03,1.722,1.7242,-0.12759540656536172
159980,2025-07-04,1.711,1.7182,-0.4190431847281961
159980,2025-07-07,1.696,1.7028,-0.39934225980738924
159980,2025-07-08,1.702,1.7,0.11764705882353343
159980,2025-07-09,1.686,1.6928,-0.4017013232514244
159980,2025-07-10,1.699,1.6925,0.3840472673559914
159980,2025-07-11,1.691,1.697,-0.3535651149086605
159980,2025-07-14,1.692,1.6894,0.15390079318100547
159980,2025-07-15,1.682,1.6809,0.06544113272650698
159980,2025-07-16,1.682,1.6825,-0.029717682020813374
159980,2025-07-17,1.68,1.6806,-0.0357015351660217
159980,2025-07-18,1.692,1.6894,0.15390079318100547
159980,2025-07-21,1.718,1.7123,0.33288559247794947
159980,2025-07-22,1.722,1.7199,0.12210012210012167
159980,2025-07-23,1.716,1.7228,-0.3947062920826694
159980,2025-07-24,1.728,1.7265,0.08688097306690512
159980,2025-07-25,1.718,1.7179,0.005821060597233085
159980,2025-07-28,1.707,1.7092,-0.1287151883922255
159980,2025-07-29,1.703,1.7061,-0.18170095539533637
159980,2025-07-30,1.705,1.7078,-0.1639536245461981
159980,2025-07-31,1.688,1.6945,-0.38359398052522087
159980,2025-08-01,1.688,1.6876,0.023702299123007364
159980,2025-08-04,1.691,1.6878,0.18959592368763545
159980,2025-08-05,1.696,1.6928,0.1890359168241984
159980,2025-08-06,1.694,1.6918,0.13003901170351995
159980,2025-08-07,1.699,1.699,0.0
159980,2025-08-08,1.698,1.6984,-0.023551577955716052
159980,2025-08-11,1.706,1.7051,0.052782827986619374
159980,2025-08-12,1.711,1.7082,0.1639152324083959
159980,2025-08-13,1.713,1.7152,-0.12826492537313383
159980,2025-08-14,1.699,1.7074,-0.49197610401779945
159980,2025-08-15,1.704,1.7029,0.064595689705782
159980,2025-08-18,1.699,1.7008,-0.10583254938852926
159980,2025-08-19,1.698,1.6976,0.023562676720079168
159980,2025-08-20,1.693,1.6925,0.02954209748893266
159980,2025-08-21,1.691,1.6941,-0.18298801723628522
159980,2025-08-22,1.694,1.6944,-0.02360717658167477
159980,2025-08-25,1.712,1.7061,0.34581794736534555
159980,2025-08-26,1.704,1.7081,-0.2400327849657491
159980,2025-08-27,1.706,1.7118,-0.3388246290454533
159980,2025-08-28,1.703,1.7019,0.06463364475000066
159980,2025-08-29,1.715,1.7089,0.35695476622388256
159980,2025-09-01,1.715,1.7146,0.02332905633968263
159980,2025-09-02,1.715,1.7171,-0.12229922543823823
159980,2025-09-03,1.716,1.72,-0.23255813953488857
159980,2025-09-04,1.71,1.7146,-0.268284147906217
159980,2025-09-05,1.716,1.7136,0.1400560224089631
159980,2025-09-08,1.711,1.7121,-0.0642485836107598
159980,2025-09-09,1.71,1.7109,-0.052603892688063425
159980,2025-09-10,1.714,1.7101,0.2280568387813542
159980,2025-09-11,1.719,1.7171,0.11065168015840232
159980,2025-09-12,1.74,1.7287,0.6536703881529604
159980,2025-09-15,1.737,1.7341,0.16723372354536803
159980,2025-09-16,1.735,1.7367,-0.09788679679851864
159980,2025-09-17,1.731,1.7312,-0.011552680221804668
159980,2025-09-18,1.713,1.7144,-0.08166122258514985
159980,2025-09-19,1.715,1.7143,0.04083299305839283
159980,2025-09-22,1.72,1.718,0.11641443538998875
159980,2025-09-23,1.713,1.713,0.0
159980,2025-09-24,1.714,1.7145,-0.02916302128900261
159980,2025-09-25,1.746,1.7416,0.25264124942581123
159980,2025-09-26,1.744,1.7455,-0.08593526210255442
159980,2025-09-29,1.74,1.7356,0.2535146347084627
159980,2025-09-30,1.747,1.7542,-0.4104435070117374
159980,2025-10-09,1.808,1.7952,0.7130124777183777
159980,2025-10-10,1.795,1.8113,-0.8999061447579115
159980,2025-10-13,1.784,1.7792,0.26978417266187993
159980,2025-10-14,1.768,1.7868,-1.052160286545778
159980,2025-10-15,1.785,1.775,0.5633802816901401
159980,2025-10-16,1.778,1.7764,0.09006980409818066
159980,2025-10-17,1.767,1.7745,-0.4226542688081203
159980,2025-10-20,1.779,1.777,0.11254924029262536
159980,2025-10-21,1.781,1.7831,-0.1177724188211493
159980,2025-10-22,1.783,1.7773,0.3207111911326166
159980,2025-10-23,1.796,1.7881,0.44180974218444025
159980,2025-10-24,1.818,1.8075,0.5809128630705374
159980,2025-10-27,1.831,1.8234,0.4168037731709928
159980,2025-10-28,1.804,1.8168,-0.7045354469396692
159980,2025-10-29,1.833,1.8224,0.5816505706760289
159980,2025-10-30,1.818,1.825,-0.383561643835606
159980,2025-10-31,1.807,1.8112,-0.23189045936395924
159980,2025-11-03,1.819,1.8143,0.25905307832221336
159980,2025-11-04,1.799,1.8048,-0.3213652482269569
159980,2025-11-05,1.793,1.7915,0.08372871895059308
159980,2025-11-06,1.803,1.8003,0.14997500416595866
159980,2025-11-07,1.798,1.8023,-0.23858403151528762
159980,2025-11-10,1.811,1.8078,0.1770107312755842
159980,2025-11-11,1.812,1.8137,-0.0937310470309316
159980,2025-11-12,1.821,1.8168,0.2311756935270859
159980,2025-11-13,1.835,1.8312,0.2075141983398865
159980,2025-11-14,1.815,1.825,-0.5479452054794498
159980,2025-11-17,1.807,1.8059,0.060911456891288296
159980,2025-11-18,1.788,1.7935,-0.30666294954000417
159980,2025-11-19,1.801,1.7966,0.24490704664366092
159980,2025-11-20,1.797,1.8028,-0.32172176614155834
159980,2025-11-21,1.786,1.7942,-0.4570282019841665
159980,2025-11-24,1.796,1.7963,-0.01670099649279111
159980,2025-11-25,1.804,1.8024,0.08877052818465625
159980,2025-11-26,1.805,1.8067,-0.09409420490397169
159980,2025-11-27,1.812,1.8147,-0.14878492312778713
159980,2025-11-28,1.822,1.817,0.27517886626307053
159980,2025-12-01,1.849,1.845,0.21680216802169028
159980,2025-12-02,1.851,1.8485,0.135244793075473
159980,2025-12-03,1.858,1.851,0.3781739600216216
159980,2025-12-04,1.88,1.8813,-0.06910115345771795
159980,2025-12-05,1.912,1.8951,0.8917735211862121
159980,2025-12-08,1.919,1.9039,0.7931088817690002
159980,2025-12-09,1.877,1.8929,-0.8399809815626824
159980,2025-12-10,1.892,1.8838,0.4352903705276523
159980,2025-12-11,1.892,1.894,-0.10559662090813271
159980,2025-12-12,1.932,1.9203,0.6092798000312483
159980,2025-12-15,1.906,1.9016,0.2313840976020165
159980,2025-12-16,1.878,1.8865,-0.45056983832495456
159980,2025-12-17,1.896,1.8894,0.3493172435693914
159980,2025-12-18,1.899,1.9007,-0.08944073236176742
159980,2025-12-19,1.918,1.9077,0.539917177753324
159980,2025-12-22,1.934,1.9289,0.2643993986209736
159980,2025-12-23,1.932,1.9316,0.020708221163801
159980,2025-12-24,1.975,1.9553,1.0075180279241147
159980,2025-12-25,1.964,1.9495,0.7437804565273209
159980,2025-12-26,1.994,1.9905,0.17583521728208318
159980,2025-12-29,1.996,2.0257,-1.4661598459791758
159980,2025-12-30,1.993,1.9798,0.6667340135367184
159980,2025-12-31,1.996,2.0031,-0.3544506015675686
159980,2026-01-05,2.055,2.0419,0.6415593319947233
159980,2026-01-06,2.13,2.094,1.7191977077363862
159980,2026-01-07,2.126,2.1301,-0.19247922632741332
159980,2026-01-08,2.073,2.0882,-0.7278996264725612
159980,2026-01-09,2.086,2.0579,1.3654696535302824
159980,2026-01-12,2.143,2.1138,1.3813984293689074
159980,2026-01-13,2.119,2.1278,-0.4135727042015147
159980,2026-01-14,2.176,2.1533,1.054195885385223
159980,2026-01-15,2.179,2.169,0.4610419548178868
159980,2026-01-16,2.112,2.1357,-1.1097064194409256
159980,2026-01-19,2.103,2.0954,0.36269924596736836
159980,2026-01-20,2.11,2.1088,0.05690440060697188
159980,2026-01-21,2.133,2.1002,1.5617560232358718
159980,2026-01-22,2.11,2.1111,-0.052105537397573176
159980,2026-01-23,2.144,2.1246,0.9131130565753542
159980,2026-01-26,2.142,2.1708,-1.3266998341625147
159980,2026-01-27,2.167,2.1619,0.2359036033118933
159980,2026-01-28,2.183,2.1725,0.4833141542002206
159980,2026-01-29,2.268,2.2335,1.5446608462055034
159980,2026-01-30,2.145,2.2403,-4.253894567691829
159980,2026-02-02,1.989,2.116,-6.001890359168238
159980,2026-02-03,2.116,2.0835,1.5598752099832192
159980,2026-02-04,2.134,2.1368,-0.13103706476975674
159980,2026-02-05,2.055,2.0945,-1.8858916209119059
159980,2026-02-06,2.039,2.0481,-0.44431424246861306
159980,2026-02-09,2.088,2.077,0.5296100144439153
159980,2026-02-10,2.083,2.0875,-0.21556886227543925
159980,2026-02-11,2.107,2.0979,0.4337671004337684
159980,2026-02-12,2.108,2.114,-0.2838221381267658
159980,2026-02-13,2.052,2.0755,-1.1322572874006176
159980,2026-02-24,2.099,2.0973,0.0810565965765564
159980,2026-02-25,2.141,2.1153,1.214957689216667
159980,2026-02-26,2.125,2.1278,-0.13159131497322285
159980,2026-02-27,2.165,2.1333,1.4859607181362033
159980,2026-03-02,2.163,2.1565,0.30141432877346386
159980,2026-03-03,2.096,2.1277,-1.4898716924378386
159980,2026-03-04,2.108,2.1007,0.3475032132146616
159980,2026-03-05,2.094,2.1156,-1.0209869540556027
159980,2026-03-06,2.093,2.0932,-0.009554748710105532
159980,2026-03-09,2.081,2.0845,-0.16790597265530227
159980,2026-03-10,2.1,2.1025,-0.11890606420926764
159980,2026-03-11,2.1,2.1125,-0.5917159763313529
159980,2026-03-12,2.1,2.103,-0.14265335235378318
159980,2026-03-13,2.075,2.0953,-0.9688350116928257
159980,2026-03-16,2.062,2.0688,-0.3286929621036383
159980,2026-03-17,2.058,2.077,-0.914780934039483
159980,2026-03-18,2.038,2.0512,-0.6435257410296602
159980,2026-03-19,1.958,1.995,-1.8546365914787089
159980,2026-03-20,1.956,1.9658,-0.498524773629061
159980,2026-03-23,1.915,1.9431,-1.4461427615665712
159980,2026-03-24,1.955,1.968,-0.6605691056910556
159980,2026-03-25,1.984,1.9847,-0.03526981407768748
159980,2026-03-26,1.976,1.9861,-0.5085343134786813
159980,2026-03-27,1.999,1.9939,0.2557801293946671
159980,2026-03-30,2.013,2.0044,0.42905607663141776
159980,2026-03-31,2.007,2.0115,-0.22371364653241965
159980,2026-04-01,2.03,2.0257,0.21227230093299188
159980,2026-04-02,2.003,2.0197,-0.8268554735851752
159980,2026-04-03,2.01,2.0161,-0.3025643569267378
159980,2026-04-07,2.013,2.0198,-0.3366669967323599
159980,2026-04-08,2.051,2.0334,0.865545391954381
159980,2026-04-09,2.03,2.038,-0.39254170755642637
159980,2026-04-10,2.042,2.0425,-0.02447980416157014
159980,2026-04-13,2.056,2.0507,0.25844833471497797
159980,2026-04-14,2.086,2.0788,0.3463536655762711
159980,2026-04-15,2.103,2.1047,-0.08077160640469483
159980,2026-04-16,2.119,2.1131,0.27921063839855265
159980,2026-04-17,2.116,2.1132,0.13250047321597958
159980,2026-04-20,2.11,2.1169,-0.3259483206575653
159980,2026-04-21,2.101,2.1098,-0.4171011470281538
159980,2026-04-22,2.116,2.1113,0.2226116610619222
159980,2026-04-23,2.111,2.1188,-0.36813290541813926
159980,2026-04-24,2.108,2.1166,-0.40631200982708116
159980,2026-04-27,2.124,2.1253,-0.06116783512916113
159980,2026-04-28,2.104,2.1072,-0.15186028853455547
159980,2026-04-29,2.101,2.0979,0.14776681443346984
159980,2026-04-30,2.085,2.0898,-0.2296870513924687
159980,2026-05-06,2.147,2.1276,0.9118255311148626
159980,2026-05-07,2.139,2.1332,0.27189199324957336
159980,2026-05-08,2.152,2.1424,0.44809559372667174
159980,2026-05-11,2.149,2.1495,-0.023261223540360643
159980,2026-05-12,2.171,2.1822,-0.513243515718087
159980,2026-05-13,2.211,2.2012,0.44521170270761523
159980,2026-05-14,2.179,2.1981,-0.868932259678834
159980,2026-05-15,2.131,2.1629,-1.4748717000323763
159980,2026-05-18,2.132,2.129,0.1409112259276757
159980,2026-05-19,2.135,2.1379,-0.1356471303615825
159980,2026-05-20,2.145,2.1281,0.7941356139279154
159980,2026-05-21,2.131,2.1519,-0.971234722803116
159980,2026-05-22,2.151,2.1477,0.15365274479675062
159980,2026-05-25,2.163,2.1593,0.17135182698095885
159980,2026-05-26,2.162,2.1558,0.2875962519714115
159980,2026-05-27,2.15,2.1576,-0.3522432332221048
159980,2026-05-28,2.134,2.1386,-0.2150939867202828
159980,2026-05-29,2.149,2.1529,-0.18115100562031694
159980,2026-06-01,2.149,2.1492,-0.009305788200264509
159980,2026-06-02,2.195,2.1759,0.8777976929086773
159980,2026-06-03,2.181,2.1921,-0.5063637607773286
159980,2026-06-04,2.145,2.1642,-0.8871638480731914
159980,2026-06-05,2.141,2.1538,-0.5942984492524839
159980,2026-06-08,2.107,2.1198,-0.603830550051887
159980,2026-06-09,2.12,2.1183,0.08025303309258103
159980,2026-06-10,2.103,2.1138,-0.5109281862049286
159980,2026-06-11,2.091,2.0976,-0.3146453089244772
159980,2026-06-12,2.115,2.1131,0.0899152903317324
159980,2026-06-15,2.153,2.1356,0.8147593182243895
159980,2026-06-16,2.128,2.1291,-0.05166502277957896
159980,2026-06-17,2.13,2.1332,-0.15000937558597993
159980,2026-06-18,2.117,2.1295,-0.5869922517022896
159980,2026-06-22,2.128,2.1242,0.17889087656530744
159980,2026-06-23,2.087,2.1093,-1.0572227753283037
159980,2026-06-24,2.077,2.0814,-0.21139617565100188
159980,2026-06-25,2.028,2.0423,-0.700190961171232
159980,2026-06-26,2.036,2.0455,-0.46443412368614156
159980,2026-06-29,2.063,2.0604,0.12618908949719732
159980,2026-06-30,2.056,2.0488,0.35142522452167313
159980,2026-07-01,2.03,2.0482,-0.8885850991114275
159980,2026-07-02,2.032,2.046,-0.6842619745845435
159980,2026-07-03,2.059,2.0561,0.14104372355432382
159980,2026-07-06,2.062,2.0667,-0.22741568684376823
159980,2026-07-07,2.063,2.0686,-0.27071449289373106
159980,2026-07-08,2.069,2.0727,-0.1785111207603718
159980,2026-07-09,2.072,2.0622,0.4752206381534396
159980,2026-07-10,2.08,2.0875,-0.3592814371257358
159980,2026-07-13,2.066,2.0767,-0.5152405258342707
159980,2026-07-14,2.093,2.0885,0.2154656451999193
159980,2026-07-15,2.082,2.0948,-0.6110368531602184
159980,2026-07-16,2.091,2.0881,0.13888223744076278
159980,2026-07-17,2.065,2.0815,-0.7926975738650088
159980,2026-07-20,2.075,2.0802,-0.24997596384962462
159980,2026-07-21,2.101,2.0903,0.51188824570636
159980,2026-07-22,2.107,2.1099,-0.1374472723825737
159980,2026-07-23,2.117,2.1152,0.08509833585474968
159980,2026-07-24,2.101,2.0964,0.21942377408890046
159980,2026-07-27,2.108,2.1018,0.2949852507374784
159980,2026-07-28,2.094,2.099,-0.23820867079563657
159980,2026-07-29,2.106,2.0981,0.3765311472284427
159980,2026-07-30,2.101,2.1034,-0.11410097936674912
159980,2026-07-31,2.121,2.1177,0.15582943759737677
159980,2026-08-03,2.123,2.118,0.23607176581681433
159980,2026-08-04,2.138,2.1283,0.4557628153925686
159980,2026-08-05,2.147,2.1418,0.2427864413110381
159980,2026-08-06,2.139,2.1508,-0.5486330667658579
159980,2026-08-07,2.164,2.1579,0.28268223736038767
159980,2026-08-10,2.156,2.1504,0.26041666666667407
159980,2026-08-11,2.153,2.1546,-0.0742597233825193
159980,2026-08-12,2.164,2.1607,0.15272828250105785
159980,2026-08-13,2.141,2.1535,-0.5804504295333301
159980,2026-08-14,2.143,2.1461,-0.14444806858955328
159980,2026-08-17,2.171,2.1655,0.2539829138766825
159980,2026-08-18,2.15,2.1496,0.01860811313731947
159980,2026-08-19,2.124,2.1307,-0.31445065002111416
159980,2026-08-20,2.13,2.1361,-0.28556715509573394
159980,2026-08-21,2.148,2.1409,0.3316362277546947
159980,2026-08-24,2.154,2.1538,0.009285913269563295
159980,2026-08-25,2.151,2.1573,-0.2920317062995559
159980,2026-08-26,2.159,2.167,-0.369173973234882
159980,2026-08-27,2.15,2.1596,-0.44452676421561366
159980,2026-08-28,2.163,2.1633,-0.013867702121772574
159980,2026-08-31,2.166,2.162,0.18501387604070718
159980,2026-09-01,2.176,2.178,-0.09182736455463081
159980,2026-09-02,2.15,2.155,-0.23201856148491462
159980,2026-09-03,2.166,2.164,0.09242144177448175
159980,2026-09-04,2.167,2.173,-0.2761159687068693
159980,2026-09-07,2.182,2.1752,0.31261493196028667
159980,2026-09-08,2.195,2.1892,0.26493696327425376
159980,2026-09-09,2.2,2.2006,-0.027265291284195303
159980,2026-09-10,2.217,2.2121,0.22150897337371855
159980,2026-09-11,2.161,2.1614,-0.018506523549544074
159980,2026-09-14,2.125,2.1424,-0.8121732636295675
159980,2026-09-15,2.112,2.1205,-0.4008488564017809
159980,2026-09-16,2.131,2.1264,0.21632806621518785
159980,2026-09-17,2.147,2.1389,0.37869933143204193
159980,2026-09-18,2.166,2.1655,0.023089355806971135
159980,2026-09-21,2.169,2.1708,-0.08291873963515162
159980,2026-09-22,2.181,2.1842,-0.1465067301529177
159981,2019-12-13,,1.0001,
159981,2019-12-20,,1.0002,
159981,2019-12-27,,1.0036,
159981,2019-12-31,,1.004,
159981,2020-01-03,,1.0057,
159981,2020-01-10,,1.0001,
159981,2020-01-16,,1.0083,
159981,2020-01-17,0.989,1.0059,-1.6800874838453161
159981,2020-01-20,1.004,1.0074,-0.33750248163589847
159981,2020-01-21,0.995,1.0035,-0.8470353761833693
159981,2020-01-22,0.988,0.9943,-0.6336115860404279
159981,2020-01-23,0.974,0.99,-1.6161616161616155
159981,2020-02-03,0.877,0.9434,-7.038371846512614
159981,2020-02-04,0.92,0.9264,-0.6908462867012077
159981,2020-02-05,0.93,0.9376,-0.8105802047781552
159981,2020-02-06,0.935,0.9411,-0.6481776644352344
159981,2020-02-07,0.944,0.9436,0.04239084357777756
159981,2020-02-10,0.939,0.9462,-0.7609384908053407
159981,2020-02-11,0.938,0.9481,-1.0652884716802147
159981,2020-02-12,0.934,0.9446,-1.1221681134871875
159981,2020-02-13,0.933,0.9426,-1.0184595798854224
159981,2020-02-14,0.936,0.9422,-0.6580343876034789
159981,2020-02-17,0.942,0.9457,-0.3912445807338516
159981,2020-02-18,0.934,0.9444,-1.101228293096146
159981,2020-02-19,0.939,0.9442,-0.5507307773776837
159981,2020-02-20,0.946,0.9501,-0.43153352278707535
159981,2020-02-21,0.947,0.952,-0.5252100840336116
159981,2020-02-24,0.938,0.9441,-0.6461179959750152
159981,2020-02-25,0.94,0.942,-0.2123142250530785
159981,2020-02-26,0.933,0.9417,-0.9238611022618581
159981,2020-02-27,0.921,0.9307,-1.0422262812936456
159981,2020-02-28,0.907,0.9193,-1.3379745458500958
159981,2020-03-02,0.921,0.9208,0.021720243266742933
159981,2020-03-03,0.922,0.9281,-0.6572567611248803
159981,2020-03-04,0.921,0.9246,-0.3893575600259491
159981,2020-03-05,0.921,0.9236,-0.2815071459506213
159981,2020-03-06,0.917,0.9173,-0.03270467676876887
159981,2020-03-09,0.871,0.8876,-1.8702118071203144
159981,2020-03-10,0.874,0.8714,0.2983704383750396
159981,2020-03-11,0.875,0.879,-0.4550625711035261
159981,2020-03-12,0.863,0.8642,-0.13885674612358345
159981,2020-03-13,0.86,0.8582,0.20974131903985782
159981,2020-03-16,0.85,0.857,-0.8168028004667427
159981,2020-03-17,0.843,0.8479,-0.5778983370680502
159981,2020-03-18,0.828,0.8404,-1.475487862922431
159981,2020-03-19,0.808,0.8172,-1.1257953989231462
159981,2020-03-20,0.827,0.8238,0.38844379703810716
159981,2020-03-23,0.8,0.8067,-0.830544192388738
159981,2020-03-24,0.804,0.8063,-0.2852536276820028
159981,2020-03-25,0.803,0.8057,-0.3351123246866039
159981,2020-03-26,0.797,0.8015,-0.5614472863381126
159981,2020-03-27,0.784,0.7918,-0.9850972467794761
159981,2020-03-30,0.764,0.7712,-0.9336099585062207
159981,2020-03-31,0.781,0.7798,0.15388561169531467
159981,2020-04-01,0.764,0.7724,-1.0875194199896354
159981,2020-04-02,0.792,0.777,1.9305019305019266
159981,2020-04-03,0.79,0.786,0.5089058524172962
159981,2020-04-07,0.8,0.7985,0.18785222291797243
159981,2020-04-08,0.797,0.7967,0.03765532822894713
159981,2020-04-09,0.812,0.8074,0.5697299975229164
159981,2020-04-10,0.819,0.8109,0.9988901220865598
159981,2020-04-13,0.794,0.8126,-2.288949052424316
159981,2020-04-14,0.789,0.7926,-0.4542013626040786
159981,2020-04-15,0.799,0.7973,0.2132196162046851
159981,2020-04-16,0.784,0.7899,-0.7469299911381233
159981,2020-04-17,0.791,0.7923,-0.16407926290545882
159981,2020-04-20,0.786,0.7848,0.1529051987767538
159981,2020-04-21,0.769,0.7716,-0.33696215655779627
159981,2020-04-22,0.747,0.7488,-0.24038461538461453
159981,2020-04-23,0.776,0.7683,1.0022126773395756
159981,2020-04-24,0.771,0.7758,-0.6187161639597871
159981,2020-04-27,0.76,0.764,-0.5235602094240788
159981,2020-04-28,0.768,0.763,0.6553079947575258
159981,2020-04-29,0.779,0.776,0.3865979381443285
159981,2020-04-30,0.793,0.7883,0.5962197133071223
159981,2020-05-06,0.804,0.8051,-0.13662899018754837
159981,2020-05-07,0.799,0.8035,-0.5600497822028538
159981,2020-05-08,0.803,0.8034,-0.049788399302952424
159981,2020-05-11,0.804,0.8052,-0.14903129657227732
159981,2020-05-12,0.802,0.8028,-0.09965122072744803
159981,2020-05-13,0.805,0.8014,0.4492138757175024
159981,2020-05-14,0.808,0.8061,0.23570276640616505
159981,2020-05-15,0.817,0.8145,0.30693677102515693
159981,2020-05-18,0.817,0.8185,-0.18326206475259843
159981,2020-05-19,0.819,0.8225,-0.42553191489362874
159981,2020-05-20,0.837,0.831,0.7220216606498298
159981,2020-05-21,0.832,0.8356,-0.43082814743896636
159981,2020-05-22,0.812,0.8219,-1.2045260980654504
159981,2020-05-25,0.824,0.8196,0.5368472425573367
159981,2020-05-26,0.823,0.8232,-0.024295432458709687
159981,2020-05-27,0.82,0.8201,-0.01219363492258596
159981,2020-05-28,0.826,0.8215,0.5477784540474762
159981,2020-05-29,0.819,0.8227,-0.4497386653701252
159981,2020-06-01,0.83,0.829,0.12062726176116367
159981,2020-06-02,0.829,0.83,-0.12048192771084709
159981,2020-06-03,0.837,0.8372,-0.023889154323952777
159981,2020-06-04,0.827,0.833,-0.7202881152461038
159981,2020-06-05,0.839,0.8362,0.33484812245874185
159981,2020-06-08,0.848,0.8461,0.22455974471102813
159981,2020-06-09,0.841,0.8419,-0.10690105713268006
159981,2020-06-10,0.838,0.8411,-0.36856497443823466
159981,2020-06-11,0.835,0.8402,-0.6189002618424144
159981,2020-06-12,0.831,0.8319,-0.10818608005770392
159981,2020-06-15,0.823,0.8308,-0.9388541165142095
159981,2020-06-16,0.832,0.8328,-0.09606147934678733
159981,2020-06-17,0.833,0.8354,-0.2872875269332109
159981,2020-06-18,0.836,0.836,0.0
159981,2020-06-19,0.839,0.8415,-0.2970885323826611
159981,2020-06-22,0.84,0.8426,-0.30856871587943147
159981,2020-06-23,0.839,0.843,-0.47449584816132706
159981,2020-06-24,0.839,0.845,-0.7100591715976323
159981,2020-06-29,0.829,0.8374,-1.0031048483401084
159981,2020-06-30,0.835,0.8415,-0.7724301841948944
159981,2020-07-01,0.84,0.8432,-0.3795066413662229
159981,2020-07-02,0.845,0.8467,-0.20077949687020702
159981,2020-07-03,0.849,0.8544,-0.6320224719101208
159981,2020-07-06,0.857,0.8536,0.3983130271790092
159981,2020-07-07,0.85,0.8537,-0.4334075202061638
159981,2020-07-08,0.854,0.8537,0.03514115028697695
159981,2020-07-09,0.854,0.8548,-0.0935891436593339
159981,2020-07-10,0.842,0.8472,-0.6137865911236995
159981,2020-07-13,0.857,0.8546,0.2808331383103102
159981,2020-07-14,0.861,0.8599,0.12792185137806555
159981,2020-07-15,0.861,0.8644,-0.3933364183248411
159981,2020-07-16,0.859,0.8639,-0.5671952772311584
159981,2020-07-17,0.855,0.8581,-0.3612632560307638
159981,2020-07-20,0.848,0.8519,-0.4578002112924029
159981,2020-07-21,0.854,0.8541,-0.011708230886309234
159981,2020-07-22,0.854,0.8601,-0.7092198581560294
159981,2020-07-23,0.857,0.8547,0.2691002691002753
159981,2020-07-24,0.848,0.8538,-0.6793159990630127
159981,2020-07-27,0.848,0.853,-0.586166471277838
159981,2020-07-28,0.851,0.8527,-0.1993667174856384
159981,2020-07-29,0.855,0.8557,-0.08180437069066349
159981,2020-07-30,0.855,0.8578,-0.3264164140825421
159981,2020-07-31,0.852,0.8525,-0.058651026392964045
159981,2020-08-03,0.851,0.8536,-0.3045923149015972
159981,2020-08-04,0.859,0.8586,0.046587467971104246
159981,2020-08-05,0.861,0.8611,-0.011613053071646284
159981,2020-08-06,0.865,0.8671,-0.2421865990081873
159981,2020-08-07,0.869,0.8699,-0.1034601678353897
159981,2020-08-10,0.873,0.8725,0.05730659025786622
159981,2020-08-11,0.879,0.8811,-0.23833844058562814
159981,2020-08-12,0.877,0.8769,0.011403808872167964
159981,2020-08-13,0.876,0.8787,-0.307272106521006
159981,2020-08-14,0.872,0.8767,-0.5361012889243844
159981,2020-08-17,0.875,0.875,0.0
159981,2020-08-18,0.878,0.881,-0.34052213393870323
159981,2020-08-19,0.875,0.8794,-0.5003411416875103
159981,2020-08-20,0.872,0.8759,-0.4452563077976923
159981,2020-08-21,0.864,0.8699,-0.6782388780319559
159981,2020-08-24,0.868,0.8671,0.10379425671780407
159981,2020-08-25,0.861,0.8672,-0.7149446494464917
159981,2020-08-26,0.865,0.8671,-0.2421865990081873
159981,2020-08-27,0.87,0.873,-0.3436426116838476
159981,2020-08-28,0.874,0.8748,-0.09144947416552807
159981,2020-08-31,0.885,0.8866,-0.18046469659372955
159981,2020-09-01,0.889,0.891,-0.22446689113355678
159981,2020-09-02,0.895,0.8968,-0.2007136485281058
159981,2020-09-03,0.886,0.8953,-1.0387579582262885
159981,2020-09-04,0.882,0.8836,-0.1810774105930335
159981,2020-09-07,0.882,0.8887,-0.7539102059187619
159981,2020-09-08,0.882,0.8878,-0.6533002928587606
159981,2020-09-09,0.871,0.8756,-0.5253540429419834
159981,2020-09-10,0.868,0.8761,-0.9245519917817635
159981,2020-09-11,0.867,0.8709,-0.4478126076472577
159981,2020-09-14,0.869,0.8727,-0.42397158244529276
159981,2020-09-15,0.875,0.8786,-0.40974277259276937
159981,2020-09-16,0.878,0.8806,-0.29525323642971557
159981,2020-09-17,0.875,0.8786,-0.40974277259276937
159981,2020-09-18,0.877,0.878,-0.1138952164009166
159981,2020-09-21,0.867,0.8743,-0.8349536772274901
159981,2020-09-22,0.863,0.8673,-0.4957915369537602
159981,2020-09-23,0.859,0.864,-0.578703703703709
159981,2020-09-24,0.86,0.8644,-0.509023600185099
159981,2020-09-25,0.862,0.8677,-0.6569090699550584
159981,2020-09-28,0.858,0.8684,-1.19760479041916
159981,2020-09-29,0.862,0.8646,-0.30071709461022555
159981,2020-09-30,0.856,0.8591,-0.36084274240484326
159981,2020-10-09,0.865,0.867,-0.23068050749711633
159981,2020-10-12,0.879,0.8772,0.20519835841312783
159981,2020-10-13,0.872,0.8772,-0.5927952576379347
159981,2020-10-14,0.874,0.877,-0.34207525655644
159981,2020-10-15,0.879,0.8805,-0.17035775127767216
159981,2020-10-16,0.88,0.8803,-0.034079291150734825
159981,2020-10-19,0.877,0.8836,-0.7469443186962521
159981,2020-10-20,0.874,0.8774,-0.3875085479826734
159981,2020-10-21,0.881,0.8857,-0.5306537202212969
159981,2020-10-22,0.877,0.8818,-0.5443411204354764
159981,2020-10-23,0.87,0.8787,-0.990099009900991
159981,2020-10-26,0.862,0.8692,-0.8283479061205634
159981,2020-10-27,0.869,0.8697,-0.08048752443371443
159981,2020-10-28,0.868,0.871,-0.3444316877152742
159981,2020-10-29,0.865,0.869,-0.4602991944764101
159981,2020-10-30,0.862,0.8658,-0.43890043890044694
159981,2020-11-02,0.866,0.8673,-0.14989046466044043
159981,2020-11-03,0.866,0.8729,-0.7904685530988664
159981,2020-11-04,0.87,0.8742,-0.48043925875085325
159981,2020-11-05,0.864,0.8693,-0.6096859542160327
159981,2020-11-06,0.863,0.869,-0.6904487917146152
159981,2020-11-09,0.863,0.8654,-0.2773284030506029
159981,2020-11-10,0.876,0.8759,0.011416828405064194
159981,2020-11-11,0.892,0.8899,0.23598157096302863
159981,2020-11-12,0.895,0.8944,0.06708407871198752
159981,2020-11-13,0.906,0.8999,0.6778530947883166
159981,2020-11-16,0.908,0.9109,-0.31836645076298575
159981,2020-11-17,0.911,0.9123,-0.14249698564068325
159981,2020-11-18,0.909,0.9068,0.24261138067931398
159981,2020-11-19,0.916,0.9189,-0.31559473283273576
159981,2020-11-20,0.921,0.9214,-0.04341219882786351
159981,2020-11-23,0.917,0.9227,-0.6177522488349352
159981,2020-11-24,0.923,0.9216,0.1519097222222321
159981,2020-11-25,0.927,0.9315,-0.48309178743960457
159981,2020-11-26,0.921,0.9276,-0.7115135834411368
159981,2020-11-27,0.931,0.9283,0.2908542497037647
159981,2020-11-30,0.928,0.9309,-0.31152647975076775
159981,2020-12-01,0.938,0.9371,0.09604097748372453
159981,2020-12-02,0.948,0.9468,0.12674271229404788
159981,2020-12-03,0.938,0.945,-0.7407407407407418
159981,2020-12-04,0.955,0.9479,0.7490241586665336
159981,2020-12-07,0.967,0.9687,-0.17549292866728683
159981,2020-12-08,0.97,0.9728,-0.28782894736841813
159981,2020-12-09,0.983,0.9824,0.061074918566772496
159981,2020-12-10,0.995,1.0002,-0.5198960207958403
159981,2020-12-11,1.015,1.0155,-0.0492368291482248
159981,2020-12-14,1.008,1.0187,-1.050358299793852
159981,2020-12-15,1.018,1.0117,0.6227142433527622
159981,2020-12-16,1.013,1.0193,-0.618071225350747
159981,2020-12-17,1.021,1.0191,0.18643901481698588
159981,2020-12-18,1.033,1.0384,-0.5200308166409928
159981,2020-12-21,1.036,1.0399,-0.3750360611597281
159981,2020-12-22,1.01,1.0316,-2.09383481969756
159981,2020-12-23,1.002,1.0063,-0.42730795985291836
159981,2020-12-24,1.012,1.0183,-0.6186781891387549
159981,2020-12-25,1.014,1.0189,-0.4809107861419082
159981,2020-12-28,0.995,1.0104,-1.5241488519398216
159981,2020-12-29,0.981,0.994,-1.3078470824949728
159981,2020-12-30,0.986,0.9899,-0.39397918981715074
159981,2020-12-31,0.996,0.9956,0.04017677782242046
159981,2021-01-04,1.003,1.0031,-0.009969095803030736
159981,2021-01-05,1.005,1.012,-0.6916996047430901
159981,2021-01-06,1.003,1.0122,-0.9089112823552736
159981,2021-01-07,1.018,1.0148,0.31533307055577886
159981,2021-01-08,1.007,1.0197,-1.2454643522604836
159981,2021-01-11,1.005,1.0099,-0.48519655411428664
159981,2021-01-12,1.01,1.0056,0.43754972155927163
159981,2021-01-13,1.013,1.0176,-0.45204402515724995
159981,2021-01-14,1.003,1.0106,-0.7520284979220304
159981,2021-01-15,1.006,1.0107,-0.46502424062530023
159981,2021-01-18,1.004,1.0103,-0.6235771553004033
159981,2021-01-19,0.993,1.0029,-0.9871373018247032
159981,2021-01-20,0.984,0.9922,-0.8264462809917328
159981,2021-01-21,0.986,0.9908,-0.4844570044408636
159981,2021-01-22,0.98,0.9878,-0.7896335290544676
159981,2021-01-25,0.979,0.9818,-0.28519046649012614
159981,2021-01-26,0.968,0.9814,-1.3653963725290486
159981,2021-01-27,0.976,0.9764,-0.040966816878340584
159981,2021-01-28,0.973,0.977,-0.4094165813715467
159981,2021-01-29,0.983,0.9821,0.09164036248854313
159981,2021-02-01,0.989,0.9946,-0.563040418258598
159981,2021-02-02,0.979,0.9889,-1.0011123470522798
159981,2021-02-03,0.971,0.9807,-0.9890894259202643
159981,2021-02-04,0.989,0.9851,0.39589889351334673
159981,2021-02-05,0.987,0.9937,-0.6742477608936315
159981,2021-02-08,0.993,0.9986,-0.5607850991387942
159981,2021-02-09,1.0,0.9981,0.1903616872056979
159981,2021-02-10,0.993,0.994,-0.1006036217303774
159981,2021-02-18,1.015,1.0139,0.10849196173190467
159981,2021-02-19,1.019,1.0189,0.009814505839633725
159981,2021-02-22,1.044,1.0326,1.1040092969204052
159981,2021-02-23,1.056,1.0485,0.7153075822603716
159981,2021-02-24,1.067,1.0616,0.5086661642803136
159981,2021-02-25,1.104,1.0918,1.1174207730353602
159981,2021-02-26,1.08,1.0925,-1.1441647597253968
159981,2021-03-01,1.091,1.0994,-0.7640531198835676
159981,2021-03-02,1.076,1.0864,-0.9572901325478611
159981,2021-03-03,1.081,1.0953,-1.3055783803524124
159981,2021-03-04,1.085,1.0938,-0.8045346498445904
159981,2021-03-05,1.099,1.0955,0.31948881789138905
159981,2021-03-08,1.116,1.121,-0.4460303300624302
159981,2021-03-09,1.082,1.1044,-2.0282506338283213
159981,2021-03-10,1.052,1.0748,-2.1213248976553745
159981,2021-03-11,1.063,1.0572,0.5486189935679286
159981,2021-03-12,1.06,1.0695,-0.8882655446470156
159981,2021-03-15,1.063,1.065,-0.187793427230043
159981,2021-03-16,1.058,1.0661,-0.7597786323984668
159981,2021-03-17,1.087,1.072,1.399253731343264
159981,2021-03-18,1.08,1.0821,-0.19406709176601478
159981,2021-03-19,1.052,1.07,-1.6822429906542036
159981,2021-03-22,1.063,1.0676,-0.430872986137143
159981,2021-03-23,1.066,1.0702,-0.3924500093440475
159981,2021-03-24,1.067,1.0663,0.06564756635092373
159981,2021-03-25,1.065,1.0718,-0.6344467251352959
159981,2021-03-26,1.084,1.0746,0.8747440908245085
159981,2021-03-29,1.101,1.103,-0.1813236627379866
159981,2021-03-30,1.111,1.1146,-0.3229858245110351
159981,2021-03-31,1.1,1.1119,-1.0702401295080488
159981,2021-04-01,1.102,1.102,0.0
159981,2021-04-02,1.115,1.1119,0.27880205054411356
159981,2021-04-06,1.126,1.1188,0.6435466571326209
159981,2021-04-07,1.104,1.1134,-0.8442608227052117
159981,2021-04-08,1.096,1.1023,-0.57153225074843
159981,2021-04-09,1.082,1.0914,-0.8612790910756729
159981,2021-04-12,1.083,1.0905,-0.687757909215958
159981,2021-04-13,1.1,1.1003,-0.027265291284195303
159981,2021-04-14,1.115,1.1102,0.43235453071517327
159981,2021-04-15,1.136,1.1295,0.5754758742806398
159981,2021-04-16,1.144,1.146,-0.17452006980802626
159981,2021-04-19,1.153,1.1506,0.2085868242655886
159981,2021-04-20,1.153,1.155,-0.17316017316016952
159981,2021-04-21,1.142,1.1438,-0.15737016961007155
159981,2021-04-22,1.153,1.158,-0.43177892918824234
159981,2021-04-23,1.154,1.157,-0.2592912705272399
159981,2021-04-26,1.155,1.1661,-0.9518909184460966
159981,2021-04-27,1.173,1.1681,0.4194846331649904
159981,2021-04-28,1.187,1.1806,0.5420972386921852
159981,2021-04-29,1.207,1.203,0.33250207813799726
159981,2021-04-30,1.205,1.2129,-0.6513315194987213
159981,2021-05-06,1.262,1.2566,0.42973102021328646
159981,2021-05-07,1.278,1.2754,0.2038576132977754
159981,2021-05-10,1.301,1.2881,1.0014750407576933
159981,2021-05-11,1.307,1.3046,0.1839644335428492
159981,2021-05-12,1.364,1.3368,2.0347097546379533
159981,2021-05-13,1.318,1.346,-2.08023774145617
159981,2021-05-14,1.281,1.3016,-1.5826674861708745
159981,2021-05-17,1.273,1.2922,-1.4858381055564251
159981,2021-05-18,1.294,1.2829,0.8652272195806443
159981,2021-05-19,1.272,1.2821,-0.7877700647375363
159981,2021-05-20,1.223,1.2229,0.008177283506416444
159981,2021-05-21,1.179,1.1932,-1.190077103586995
159981,2021-05-24,1.191,1.1832,0.6592292089249607
159981,2021-05-25,1.204,1.2077,-0.3063674753663981
159981,2021-05-26,1.207,1.2053,0.14104372355430161
159981,2021-05-27,1.2,1.2096,-0.7936507936508019
159981,2021-05-28,1.211,1.215,-0.3292181069958877
159981,2021-05-31,1.231,1.2304,0.04876462938883108
159981,2021-06-01,1.251,1.2451,0.4738575214842111
159981,2021-06-02,1.25,1.2598,-0.7779012541673347
159981,2021-06-03,1.264,1.2694,-0.4253978257444557
159981,2021-06-04,1.235,1.2398,-0.3871592192289053
159981,2021-06-07,1.22,1.241,-1.692183722804197
159981,2021-06-08,1.228,1.2249,0.25308188423542877
159981,2021-06-09,1.237,1.2379,-0.072703772517968
159981,2021-06-10,1.228,1.2355,-0.6070416835289416
159981,2021-06-11,1.249,1.2416,0.5960051546391787
159981,2021-06-15,1.268,1.2618,0.4913615469963606
159981,2021-06-16,1.268,1.2734,-0.42406156745720125
159981,2021-06-17,1.28,1.2779,0.16433210736364057
159981,2021-06-18,1.245,1.268,-1.813880126182954
159981,2021-06-21,1.25,1.2607,-0.8487348298564235
159981,2021-06-22,1.277,1.2648,0.9645793801391411
159981,2021-06-23,1.289,1.2898,-0.062025120173681
159981,2021-06-24,1.297,1.3003,-0.25378758747981456
159981,2021-06-25,1.312,1.3108,0.09154714678059062
159981,2021-06-28,1.273,1.2855,-0.972384286269945
159981,2021-06-29,1.258,1.2694,-0.8980620765716152
159981,2021-06-30,1.264,1.2686,-0.3626044458458044
159981,2021-07-01,1.256,1.2693,-1.0478216339714908
159981,2021-07-02,1.269,1.27,-0.07874015748032814
159981,2021-07-05,1.308,1.298,0.7704160246533087
159981,2021-07-06,1.315,1.3209,-0.4466651525475096
159981,2021-07-07,1.291,1.2992,-0.6311576354679826
159981,2021-07-08,1.281,1.289,-0.6206361520558534
159981,2021-07-09,1.301,1.2976,0.2620221948211876
159981,2021-07-12,1.32,1.3194,0.04547521600728466
159981,2021-07-13,1.347,1.3374,0.7178106774338389
159981,2021-07-14,1.366,1.3605,0.4042631385519968
159981,2021-07-15,1.332,1.3459,-1.0327661787651432
159981,2021-07-16,1.357,1.3593,-0.16920473773265332
159981,2021-07-19,1.378,1.3795,-0.10873504893077479
159981,2021-07-20,1.366,1.3692,-0.2337131171486928
159981,2021-07-21,1.372,1.3754,-0.2472008143085569
159981,2021-07-22,1.387,1.3895,-0.17992083483266974
159981,2021-07-23,1.383,1.3949,-0.8531077496594763
159981,2021-07-26,1.367,1.3748,-0.5673552516729741
159981,2021-07-27,1.358,1.3776,-1.4227642276422703
159981,2021-07-28,1.374,1.3741,-0.00727749072120254
159981,2021-07-29,1.394,1.387,0.5046863734678997
159981,2021-07-30,1.407,1.4099,-0.20568834669124625
159981,2021-08-02,1.369,1.3747,-0.41463592056448784
159981,2021-08-03,1.342,1.3516,-0.7102693104468649
159981,2021-08-04,1.361,1.3551,0.4353922219762385
159981,2021-08-05,1.331,1.3533,-1.6478238380255639
159981,2021-08-06,1.347,1.3408,0.46241050119331106
159981,2021-08-09,1.34,1.3391,0.06720931969232957
159981,2021-08-10,1.364,1.3534,0.7832126496231773
159981,2021-08-11,1.372,1.3744,-0.17462165308498312
159981,2021-08-12,1.348,1.364,-1.1730205278592365
159981,2021-08-13,1.354,1.3488,0.38552787663108656
159981,2021-08-16,1.341,1.3536,-0.9308510638297851
159981,2021-08-17,1.344,1.3414,0.1938273445653893
159981,2021-08-18,1.342,1.3486,-0.4893964110929794
159981,2021-08-19,1.329,1.3322,-0.24020417354752022
159981,2021-08-20,1.331,1.3292,0.13541980138429555
159981,2021-08-23,1.387,1.3694,1.285234409230318
159981,2021-08-24,1.382,1.3928,-0.7754164273406139
159981,2021-08-25,1.405,1.4003,0.3356423623509297
159981,2021-08-26,1.376,1.3923,-1.1707247001364829
159981,2021-08-27,1.376,1.3681,0.5774431693589488
159981,2021-08-30,1.381,1.3825,-0.10849909584087492
159981,2021-08-31,1.374,1.38,-0.43478260869563856
159981,2021-09-01,1.383,1.3835,-0.03614022406938089
159981,2021-09-02,1.401,1.4022,-0.08557980316644676
159981,2021-09-03,1.415,1.4036,0.8121972071815309
159981,2021-09-06,1.44,1.4324,0.5305780508237934
159981,2021-09-07,1.483,1.4692,0.9392866866321903
159981,2021-09-08,1.458,1.4576,0.027442371020858225
159981,2021-09-09,1.465,1.4751,-0.6846993424174608
159981,2021-09-10,1.437,1.4532,-1.1147811725846446
159981,2021-09-13,1.459,1.4701,-0.7550506768246978
159981,2021-09-14,1.462,1.4613,0.047902552521716935
159981,2021-09-15,1.491,1.4774,0.9205360768918425
159981,2021-09-16,1.507,1.524,-1.1154855643044748
159981,2021-09-17,1.503,1.5056,-0.17268862911796745
159981,2021-09-22,1.569,1.5451,1.546825448191047
159981,2021-09-23,1.649,1.6174,1.9537529368121698
159981,2021-09-24,1.615,1.6162,-0.07424823660439062
159981,2021-09-27,1.672,1.6621,0.595632031767046
159981,2021-09-28,1.751,1.7087,2.4755662199332784
159981,2021-09-29,1.715,1.7387,-1.363087364122606
159981,2021-09-30,1.796,1.7374,3.372855991711754
159981,2021-10-08,1.751,1.763,-0.6806579693703907
159981,2021-10-11,1.887,1.8361,2.7721801644790656
159981,2021-10-12,1.94,1.9271,0.6693996160033189
159981,2021-10-13,1.94,1.9495,-0.4873044370351409
159981,2021-10-14,1.948,1.9281,1.0321041439759426
159981,2021-10-15,2.014,1.9715,2.1557189956885603
159981,2021-10-18,2.112,2.0344,3.8143924498623694
159981,2021-10-19,2.281,2.1309,7.043972030597412
159981,2021-10-20,2.053,2.0349,0.8894785984569165
159981,2021-10-21,1.89,1.933,-2.224521469218843
159981,2021-10-22,1.732,1.8309,-5.4017150035501675
159981,2021-10-25,1.748,1.791,-2.400893355667222
159981,2021-10-26,1.721,1.751,-1.713306681896043
159981,2021-10-27,1.627,1.6846,-3.4192093078475705
159981,2021-10-28,1.552,1.5696,-1.1213047910295648
159981,2021-10-29,1.568,1.5653,0.17249089631381498
159981,2021-11-01,1.576,1.5412,2.257980794186354
159981,2021-11-02,1.578,1.5074,4.683561098580347
159981,2021-11-03,1.617,1.5193,6.430593036266696
159981,2021-11-04,1.588,1.5123,5.005620577927661
159981,2021-11-05,1.532,1.5087,1.5443759528070533
159981,2021-11-08,1.498,1.5048,-0.4518872939925478
159981,2021-11-09,1.46,1.4774,-1.177744686611626
159981,2021-11-10,1.451,1.4385,0.8689607229753316
159981,2021-11-11,1.47,1.4565,0.9268795056642576
159981,2021-11-12,1.439,1.436,0.20891364902506648
159981,2021-11-15,1.395,1.4157,-1.4621741894469076
159981,2021-11-16,1.398,1.4084,-0.7384265833570103
159981,2021-11-17,1.405,1.3971,0.5654570181089502
159981,2021-11-18,1.405,1.3985,0.46478369681801635
159981,2021-11-19,1.422,1.4063,1.1164047500533236
159981,2021-11-22,1.428,1.4232,0.3372681281618828
159981,2021-11-23,1.442,1.4383,0.25724814016547803
159981,2021-11-24,1.473,1.4549,1.2440717575091131
159981,2021-11-25,1.476,1.4805,-0.3039513677811523
159981,2021-11-26,1.427,1.4391,-0.8408032798276732
159981,2021-11-29,1.405,1.3994,0.40017150207232177
159981,2021-11-30,1.388,1.3968,-0.6300114547537317
159981,2021-12-01,1.413,1.4037,0.6625347296430828
159981,2021-12-02,1.397,1.4046,-0.5410793108358236
159981,2021-12-03,1.407,1.3952,0.8457568807339388
159981,2021-12-06,1.393,1.4071,-1.0020609764764377
159981,2021-12-07,1.406,1.4089,-0.20583433884591162
159981,2021-12-08,1.394,1.3925,0.10771992818670029
159981,2021-12-09,1.394,1.3916,0.17246335153779935
159981,2021-12-10,1.394,1.3966,-0.18616640412431051
159981,2021-12-13,1.43,1.4124,1.2461059190030932
159981,2021-12-14,1.42,1.4258,-0.4067891709917282
159981,2021-12-15,1.411,1.4226,-0.8154084071418599
159981,2021-12-16,1.429,1.4208,0.5771396396396344
159981,2021-12-17,1.441,1.4542,-0.9077155824508187
159981,2021-12-20,1.407,1.441,-2.359472588480227
159981,2021-12-21,1.418,1.4152,0.1978518937252538
159981,2021-12-22,1.423,1.4345,-0.8016730568142227
159981,2021-12-23,1.43,1.4378,-0.5424954792043413
159981,2021-12-24,1.435,1.448,-0.8977900552486151
159981,2021-12-27,1.424,1.4394,-1.0698902320411374
159981,2021-12-28,1.431,1.4365,-0.38287504350853485
159981,2021-12-29,1.441,1.4439,-0.2008449338596785
159981,2021-12-30,1.439,1.445,-0.41522491349480495
159981,2021-12-31,1.434,1.4371,-0.21571219817688725
159981,2022-01-04,1.451,1.4539,-0.1994635119334176
159981,2022-01-05,1.467,1.4737,-0.4546379860215777
159981,2022-01-06,1.47,1.4785,-0.5749070003381762
159981,2022-01-07,1.524,1.5077,1.0811169330768644
159981,2022-01-10,1.513,1.5243,-0.741323886374079
159981,2022-01-11,1.507,1.5085,-0.09943652635068245
159981,2022-01-12,1.517,1.5127,0.2842599325709072
159981,2022-01-13,1.521,1.5368,-1.0281103591879281
159981,2022-01-14,1.578,1.562,1.0243277848911658
159981,2022-01-17,1.574,1.5746,-0.03810491553409845
159981,2022-01-18,1.6,1.5769,1.4648994863339482
159981,2022-01-19,1.618,1.6183,-0.018537971945864484
159981,2022-01-20,1.609,1.6141,-0.3159655535592609
159981,2022-01-21,1.601,1.5962,0.30071419621600093
159981,2022-01-24,1.599,1.6071,-0.5040134403584084
159981,2022-01-25,1.583,1.5823,0.04423939834417023
159981,2022-01-26,1.619,1.6043,0.9162874774044649
159981,2022-01-27,1.635,1.6394,-0.2683908747102559
159981,2022-01-28,1.636,1.662,-1.564380264741272
159981,2022-02-07,1.732,1.7302,0.10403421569760152
159981,2022-02-08,1.727,1.7302,-0.1849497167957348
159981,2022-02-09,1.678,1.6921,-0.8332840848649603
159981,2022-02-10,1.69,1.6829,0.4218907837661101
159981,2022-02-11,1.627,1.6706,-2.60984077576919
159981,2022-02-14,1.66,1.6608,-0.04816955684008306
159981,2022-02-15,1.647,1.6457,0.07899374126512093
159981,2022-02-16,1.621,1.6296,-0.5277368679430516
159981,2022-02-17,1.575,1.5923,-1.0864786786409675
159981,2022-02-18,1.594,1.5875,0.40944881889763973
159981,2022-02-21,1.595,1.5917,0.20732550103663705
159981,2022-02-22,1.612,1.6199,-0.48768442496449627
159981,2022-02-23,1.612,1.615,-0.18575851393187737
159981,2022-02-24,1.647,1.6336,0.8202742409402664
159981,2022-02-25,1.607,1.6343,-1.6704399437067918
159981,2022-02-28,1.625,1.6217,0.2034901646420506
159981,2022-03-01,1.649,1.6383,0.6531160349142251
159981,2022-03-02,1.7,1.6941,0.3482675166755156
159981,2022-03-03,1.767,1.7446,1.2839619396996405
159981,2022-03-04,1.716,1.7393,-1.3396193871097584
159981,2022-03-07,1.855,1.7989,3.1185724609483545
159981,2022-03-08,1.795,1.793,0.1115448968209698
159981,2022-03-09,1.837,1.8329,0.2236892356375142
159981,2022-03-10,1.741,1.758,-0.9670079635949902
159981,2022-03-11,1.747,1.7627,-0.890679071878353
159981,2022-03-14,1.686,1.7201,-1.9824428812278416
159981,2022-03-15,1.629,1.6677,-2.320561252023745
159981,2022-03-16,1.657,1.6498,0.4364165353376137
159981,2022-03-17,1.647,1.6502,-0.19391588898314271
159981,2022-03-18,1.708,1.6925,0.9158050221565794
159981,2022-03-21,1.71,1.7102,-0.011694538650453001
159981,2022-03-22,1.733,1.7352,-0.12678653757491887
159981,2022-03-23,1.728,1.7292,-0.0693962526023606
159981,2022-03-24,1.733,1.7574,-1.3884147035393202
159981,2022-03-25,1.781,1.7577,1.3255959492518565
159981,2022-03-28,1.741,1.7623,-1.2086477898201164
159981,2022-03-29,1.726,1.7306,-0.26580376747947776
159981,2022-03-30,1.733,1.7141,1.1026194504404785
159981,2022-03-31,1.708,1.724,-0.9280742459396807
159981,2022-04-01,1.682,1.7032,-1.2447158290277205
159981,2022-04-06,1.715,1.7174,-0.13974612786770146
159981,2022-04-07,1.688,1.7059,-1.0492994900052732
159981,2022-04-08,1.675,1.6826,-0.4516819208367995
159981,2022-04-11,1.652,1.6598,-0.46993613688396385
159981,2022-04-12,1.696,1.6737,1.3323773675091077
159981,2022-04-13,1.682,1.6992,-1.0122410546139382
159981,2022-04-14,1.687,1.6944,-0.4367327667610832
159981,2022-04-15,1.687,1.6962,-0.5423888692371093
159981,2022-04-18,1.72,1.7163,0.21558002680184263
159981,2022-04-19,1.73,1.7359,-0.3398813295696801
159981,2022-04-20,1.716,1.7269,-0.6311888354855633
159981,2022-04-21,1.721,1.7257,-0.2723532479573465
159981,2022-04-22,1.691,1.7149,-1.3936672692285268
159981,2022-04-25,1.591,1.6498,-3.5640683719238675
159981,2022-04-26,1.618,1.6184,-0.024715768660399373
159981,2022-04-27,1.619,1.6306,-0.7113945786827003
159981,2022-04-28,1.627,1.6278,-0.04914608674283505
159981,2022-04-29,1.662,1.6492,0.7761338830948317
159981,2022-05-05,1.689,1.6876,0.08295804693054798
159981,2022-05-06,1.688,1.7,-0.7058823529411784
159981,2022-05-09,1.655,1.6626,-0.4571153614820189
159981,2022-05-10,1.617,1.6276,-0.6512656672401085
159981,2022-05-11,1.652,1.6382,0.8423879868147743
159981,2022-05-12,1.681,1.687,-0.3556609365737984
159981,2022-05-13,1.713,1.7006,0.7291544160884511
159981,2022-05-16,1.714,1.715,-0.058309037900883265
159981,2022-05-17,1.719,1.7269,-0.4574671376454953
159981,2022-05-18,1.681,1.705,-1.4076246334310816
159981,2022-05-19,1.69,1.6908,-0.047314880529936154
159981,2022-05-20,1.704,1.7087,-0.2750629133259297
159981,2022-05-23,1.72,1.7177,0.13389998253479085
159981,2022-05-24,1.686,1.7033,-1.0156754535313839
159981,2022-05-25,1.704,1.702,0.1175088131609936
159981,2022-05-26,1.717,1.7087,0.48574940012875434
159981,2022-05-27,1.713,1.7262,-0.7646854362182709
159981,2022-05-30,1.72,1.7266,-0.38225414108652433
159981,2022-05-31,1.742,1.7308,0.6470996071181068
159981,2022-06-01,1.731,1.7351,-0.23629761973372743
159981,2022-06-02,1.727,1.7295,-0.14455044810638418
159981,2022-06-06,1.796,1.7881,0.44180974218444025
159981,2022-06-07,1.827,1.8207,0.34602076124568004
159981,2022-06-08,1.867,1.8663,0.03750736751861883
159981,2022-06-09,1.849,1.867,-0.9641135511515797
159981,2022-06-10,1.845,1.8579,-0.6943323106733512
159981,2022-06-13,1.829,1.8342,-0.28350234434630917
159981,2022-06-14,1.815,1.8116,0.18767939942592182
159981,2022-06-15,1.778,1.8071,-1.6103148691273272
159981,2022-06-16,1.756,1.7657,-0.5493571954465648
159981,2022-06-17,1.738,1.739,-0.05750431282346424
159981,2022-06-20,1.716,1.7303,-0.8264462809917328
159981,2022-06-21,1.717,1.7146,0.13997433803802917
159981,2022-06-22,1.677,1.7,-1.352941176470579
159981,2022-06-23,1.687,1.6801,0.410689839890499
159981,2022-06-24,1.611,1.6519,-2.4759368000484283
159981,2022-06-27,1.642,1.6266,0.9467601131193826
159981,2022-06-28,1.674,1.6569,1.0320478001086375
159981,2022-06-29,1.638,1.6522,-0.8594601137876801
159981,2022-06-30,1.635,1.647,-0.7285974499089298
159981,2022-07-01,1.596,1.6119,-0.986413549227616
159981,2022-07-04,1.62,1.6022,1.1109724129322096
159981,2022-07-05,1.607,1.6128,-0.3596230158730229
159981,2022-07-06,1.557,1.5579,-0.057770075101104545
159981,2022-07-07,1.545,1.5494,-0.28398089583066
159981,2022-07-08,1.552,1.5678,-1.0077816047965316
159981,2022-07-11,1.525,1.5437,-1.2113752672151423
159981,2022-07-12,1.481,1.5031,-1.470294724236576
159981,2022-07-13,1.445,1.4547,-0.6668041520588419
159981,2022-07-14,1.422,1.4321,-0.7052580127086094
159981,2022-07-15,1.386,1.4001,-1.0070709235054598
159981,2022-07-18,1.457,1.4304,1.8596196868009063
159981,2022-07-19,1.415,1.4418,-1.8587876265778847
159981,2022-07-20,1.441,1.4383,0.18772161579643232
159981,2022-07-21,1.434,1.4481,-0.9736896623161351
159981,2022-07-22,1.454,1.4361,1.2464313070120525
159981,2022-07-25,1.454,1.4669,-0.8794055491171959
159981,2022-07-26,1.503,1.4857,1.1644342734064672
159981,2022-07-27,1.488,1.4949,-0.4615693357415185
159981,2022-07-28,1.532,1.5104,1.4300847457627164
159981,2022-07-29,1.528,1.5263,0.11138046255652068
159981,2022-08-01,1.515,1.529,-0.915631131458472
159981,2022-08-02,1.515,1.5104,0.3045550847457612
159981,2022-08-03,1.523,1.5215,0.09858692080182418
159981,2022-08-04,1.486,1.5156,-1.9530219055159725
159981,2022-08-05,1.464,1.4733,-0.6312360008145057
159981,2022-08-08,1.507,1.4846,1.5088239256365377
159981,2022-08-09,1.498,1.5066,-0.5708217177751163
159981,2022-08-10,1.472,1.4895,-1.1748909029875798
159981,2022-08-11,1.487,1.4787,0.5613038479745924
159981,2022-08-12,1.496,1.4968,-0.05344735435595105
159981,2022-08-15,1.504,1.5046,-0.039877708361024666
159981,2022-08-16,1.476,1.4748,0.08136696501219731
159981,2022-08-17,1.451,1.4615,-0.718439958946282
159981,2022-08-18,1.45,1.4515,-0.10334137099552443
159981,2022-08-19,1.43,1.4407,-0.7426945234955351
159981,2022-08-22,1.449,1.4461,0.2005393817855028
159981,2022-08-23,1.48,1.4693,0.7282379364323077
159981,2022-08-24,1.497,1.4959,0.0735343271609068
159981,2022-08-25,1.5,1.5013,-0.08659162059548864
159981,2022-08-26,1.508,1.5023,0.37941822538773984
159981,2022-08-29,1.484,1.4981,-0.9411921767572218
159981,2022-08-30,1.486,1.4936,-0.5088377075522232
159981,2022-08-31,1.483,1.4881,-0.3427189032994993
159981,2022-09-01,1.487,1.4888,-0.12090274046210325
159981,2022-09-02,1.461,1.4705,-0.6460387623257291
159981,2022-09-05,1.521,1.5008,1.3459488272921094
159981,2022-09-06,1.532,1.5264,0.36687631027254586
159981,2022-09-07,1.503,1.5168,-0.9098101265822778
159981,2022-09-08,1.507,1.5076,-0.039798355001341434
159981,2022-09-09,1.544,1.5273,1.0934328553656725
159981,2022-09-13,1.558,1.5652,-0.4600051111678938
159981,2022-09-14,1.547,1.5553,-0.5336591011380398
159981,2022-09-15,1.545,1.5611,-1.0313240663634593
159981,2022-09-16,1.54,1.5399,0.006493928177153663
159981,2022-09-19,1.515,1.5446,-1.9163537485433202
159981,2022-09-20,1.51,1.5163,-0.4154850623227624
159981,2022-09-21,1.524,1.5164,0.5011870218939674
159981,2022-09-22,1.531,1.5283,0.176666884773935
159981,2022-09-23,1.502,1.532,-1.9582245430809442
159981,2022-09-26,1.474,1.4922,-1.21967564669615
159981,2022-09-27,1.501,1.4902,0.7247349349080556
159981,2022-09-28,1.485,1.4953,-0.6888249849528516
159981,2022-09-29,1.518,1.51,0.5298013245033095
159981,2022-09-30,1.521,1.516,0.32981530343008103
159981,2022-10-10,1.579,1.5777,0.08239842809152353
159981,2022-10-11,1.547,1.5645,-1.1185682326621982
159981,2022-10-12,1.537,1.5351,0.1237704384079219
159981,2022-10-13,1.505,1.5267,-1.4213663457129821
159981,2022-10-14,1.527,1.5254,0.10489052051920744
159981,2022-10-17,1.5,1.5049,-0.32560303010166214
159981,2022-10-18,1.511,1.4987,0.82071128311203
159981,2022-10-19,1.484,1.49,-0.4026845637583931
159981,2022-10-20,1.497,1.4964,0.04009623095431181
159981,2022-10-21,1.48,1.493,-0.8707300736771728
159981,2022-10-24,1.47,1.4831,-0.8832850111253565
159981,2022-10-25,1.45,1.4585,-0.5827905382241982
159981,2022-10-26,1.438,1.4507,-0.8754394430275148
159981,2022-10-27,1.428,1.4381,-0.7023155552465021
159981,2022-10-28,1.404,1.4189,-1.0501092395517775
159981,2022-10-31,1.382,1.3911,-0.6541585795413751
159981,2022-11-01,1.418,1.3998,1.3001857408201145
159981,2022-11-02,1.417,1.4136,0.2405206564799034
159981,2022-11-03,1.421,1.4205,0.035198873636033134
159981,2022-11-04,1.462,1.4451,1.1694692408829699
159981,2022-11-07,1.447,1.459,-0.8224811514736086
159981,2022-11-08,1.443,1.4456,-0.17985611510791255
159981,2022-11-09,1.438,1.4417,-0.25664146493722395
159981,2022-11-10,1.414,1.4272,-0.9248878923766912
159981,2022-11-11,1.455,1.4459,0.6293657929317353
159981,2022-11-14,1.454,1.4622,-0.5607987963342942
159981,2022-11-15,1.461,1.4585,0.17140898183065634
159981,2022-11-16,1.464,1.4672,-0.21810250817885235
159981,2022-11-17,1.434,1.4458,-0.8161571448333071
159981,2022-11-18,1.457,1.4453,0.809520514772033
159981,2022-11-21,1.422,1.4376,-1.08514190317196
159981,2022-11-22,1.416,1.4169,-0.06351894982004058
159981,2022-11-23,1.414,1.4218,-0.5486003657335758
159981,2022-11-24,1.425,1.4228,0.15462468372222649
159981,2022-11-25,1.441,1.4324,0.6003909522479978
159981,2022-11-28,1.413,1.4237,-0.7515628292477317
159981,2022-11-29,1.435,1.4338,0.08369368112708386
159981,2022-11-30,1.429,1.4349,-0.41117847933653806
159981,2022-12-01,1.432,1.4381,-0.424170780891453
159981,2022-12-02,1.436,1.4335,0.17439832577605952
159981,2022-12-05,1.425,1.4325,-0.5235602094240899
159981,2022-12-06,1.411,1.4099,0.07801971771048688
159981,2022-12-07,1.385,1.3899,-0.3525433484423246
159981,2022-12-08,1.391,1.3848,0.44771808203349917
159981,2022-12-09,1.407,1.4017,0.3781122922166036
159981,2022-12-12,1.415,1.4233,-0.5831518302536365
159981,2022-12-13,1.434,1.4318,0.15365274479675062
159981,2022-12-14,1.438,1.441,-0.2081887578070818
159981,2022-12-15,1.47,1.4598,0.6987258528565521
159981,2022-12-16,1.471,1.4752,-0.2847071583514049
159981,2022-12-19,1.447,1.4632,-1.1071623838162958
159981,2022-12-20,1.45,1.4559,-0.40524761316024227
159981,2022-12-21,1.47,1.4579,0.8299609026682253
159981,2022-12-22,1.46,1.4708,-0.7342942616263337
159981,2022-12-23,1.453,1.4583,-0.36343687855721063
159981,2022-12-26,1.455,1.462,-0.4787961696306353
159981,2022-12-27,1.482,1.4795,0.16897600540721758
159981,2022-12-28,1.494,1.489,0.3357958361316138
159981,2022-12-29,1.488,1.4913,-0.22128344397506217
159981,2022-12-30,1.512,1.5032,0.5854177754124557
159981,2022-12-31,,1.5032,
159981,2023-01-03,1.521,1.5123,0.5752826820075274
159981,2023-01-04,1.5,1.5087,-0.5766553986876088
159981,2023-01-05,1.483,1.4896,-0.44307196562834994
159981,2023-01-06,1.49,1.4834,0.4449238236483799
159981,2023-01-09,1.474,1.4804,-0.43231559038097167
159981,2023-01-10,1.479,1.4794,-0.027037988373657118
159981,2023-01-11,1.488,1.4844,0.24252223120453387
159981,2023-01-12,1.503,1.501,0.13324450366423157
159981,2023-01-13,1.524,1.5163,0.5078150761722577
159981,2023-01-16,1.509,1.5157,-0.44203998152669843
159981,2023-01-17,1.524,1.5232,0.05252100840336116
159981,2023-01-18,1.56,1.5491,0.7036343683429092
159981,2023-01-19,1.564,1.5696,-0.35677879714577365
159981,2023-01-20,1.591,1.5851,0.3722162639581139
159981,2023-01-30,1.571,1.5819,-0.6890448195208343
159981,2023-01-31,1.556,1.5664,-0.663942798774253
159981,2023-02-01,1.568,1.5651,0.18529167465337615
159981,2023-02-02,1.527,1.5469,-1.2864438554528457
159981,2023-02-03,1.526,1.5231,0.1904011555380558
159981,2023-02-06,1.523,1.5257,-0.1769679491381071
159981,2023-02-07,1.525,1.5239,0.07218321412165718
159981,2023-02-08,1.512,1.5174,-0.3558718861210064
159981,2023-02-09,1.515,1.5159,-0.05937067088859216
159981,2023-02-10,1.482,1.4898,-0.5235602094240899
159981,2023-02-13,1.477,1.4811,-0.27682128147997753
159981,2023-02-14,1.476,1.4716,0.298994291927146
159981,2023-02-15,1.472,1.4742,-0.1492334825668129
159981,2023-02-16,1.483,1.4795,0.2365664075701268
159981,2023-02-17,1.469,1.4782,-0.6223785685292804
159981,2023-02-20,1.475,1.4676,0.5042245843554172
159981,2023-02-21,1.5,1.4953,0.314318197017327
159981,2023-02-22,1.502,1.5088,-0.4506892895015824
159981,2023-02-23,1.507,1.5168,-0.6460970464135074
159981,2023-02-24,1.512,1.5149,-0.19143177767508845
159981,2023-02-27,1.499,1.5137,-0.9711303428684648
159981,2023-02-28,1.505,1.5028,0.14639339898854242
159981,2023-03-01,1.523,1.5161,0.45511509794868843
159981,2023-03-02,1.519,1.5231,-0.2691878405882697
159981,2023-03-03,1.524,1.5226,0.0919479837120818
159981,2023-03-06,1.53,1.5226,0.4860107710495276
159981,2023-03-07,1.539,1.5397,-0.04546340196143195
159981,2023-03-08,1.527,1.5397,-0.8248360070143623
159981,2023-03-09,1.523,1.5255,-0.16388069485415713
159981,2023-03-10,1.514,1.53,-1.0457516339869244
159981,2023-03-13,1.538,1.531,0.457217504898777
159981,2023-03-14,1.508,1.522,-0.9198423127463884
159981,2023-03-15,1.503,1.5098,-0.4503907802357987
159981,2023-03-16,1.465,1.4798,-1.0001351533991065
159981,2023-03-17,1.495,1.4862,0.5921141165388333
159981,2023-03-20,1.518,1.5259,-0.5177272429385926
159981,2023-03-21,1.517,1.5276,-0.6938989264205442
159981,2023-03-22,1.526,1.5275,-0.09819967266776475
159981,2023-03-23,1.531,1.5317,-0.0457008552588678
159981,2023-03-24,1.555,1.5379,1.111905845633654
159981,2023-03-27,1.554,1.5572,-0.2054970459799521
159981,2023-03-28,1.559,1.5614,-0.15370821058025008
159981,2023-03-29,1.567,1.5657,0.0830299546528579
159981,2023-03-30,1.583,1.5838,-0.05051142821064225
159981,2023-03-31,1.582,1.5869,-0.30877812086457235
159981,2023-04-03,1.581,1.6012,-1.2615538346240296
159981,2023-04-04,1.594,1.5883,0.35887426808538514
159981,2023-04-06,1.576,1.5898,-0.8680337149327033
159981,2023-04-07,1.575,1.5808,-0.3669028340080982
159981,2023-04-10,1.561,1.5724,-0.7250063597049161
159981,2023-04-11,1.583,1.572,0.6997455470737934
159981,2023-04-12,1.569,1.5736,-0.29232333502796637
159981,2023-04-13,1.567,1.5716,-0.292695342326299
159981,2023-04-14,1.589,1.5916,-0.16335762754460248
159981,2023-04-17,1.609,1.6016,0.46203796203796443
159981,2023-04-18,1.607,1.6045,0.15581177937051827
159981,2023-04-19,1.597,1.6065,-0.5913476501711812
159981,2023-04-20,1.604,1.5935,0.6589268904926282
159981,2023-04-21,1.591,1.6013,-0.643227377755573
159981,2023-04-24,1.572,1.5842,-0.7701047847494036
159981,2023-04-25,1.574,1.5847,-0.675206663721839
159981,2023-04-26,1.56,1.5621,-0.13443441521029387
159981,2023-04-27,1.531,1.5534,-1.4419981975022478
159981,2023-04-28,1.539,1.5356,0.22141182599635378
159981,2023-05-04,1.49,1.5026,-0.8385465193664232
159981,2023-05-05,1.495,1.487,0.5379959650302579
159981,2023-05-08,1.515,1.5074,0.5041793817168516
159981,2023-05-09,1.488,1.5059,-1.1886579454147062
159981,2023-05-10,1.478,1.4849,-0.4646777560778581
159981,2023-05-11,1.483,1.4801,0.19593270724951317
159981,2023-05-12,1.451,1.4701,-1.299231344806473
159981,2023-05-15,1.441,1.4439,-0.2008449338596785
159981,2023-05-16,1.441,1.4467,-0.3940001382456648
159981,2023-05-17,1.457,1.4517,0.3650892057587729
159981,2023-05-18,1.457,1.4621,-0.3488133506600044
159981,2023-05-19,1.446,1.4506,-0.31711016131256153
159981,2023-05-22,1.396,1.4138,-1.259018248691468
159981,2023-05-23,1.394,1.406,-0.8534850640113834
159981,2023-05-24,1.4,1.4024,-0.17113519680549416
159981,2023-05-25,1.396,1.3991,-0.22157100993496215
159981,2023-05-26,1.4,1.3837,1.1780010117800055
159981,2023-05-29,1.406,1.4091,-0.21999858065432365
159981,2023-05-30,1.391,1.4054,-1.024619325458942
159981,2023-05-31,1.377,1.3801,-0.22462140424607258
159981,2023-06-01,1.414,1.397,1.2168933428775786
159981,2023-06-02,1.444,1.4258,1.2764763641464505
159981,2023-06-05,1.431,1.4384,-0.5144605116796375
159981,2023-06-06,1.417,1.4327,-1.095833042507155
159981,2023-06-07,1.417,1.423,-0.42164441321153046
159981,2023-06-08,1.417,1.4257,-0.6102265553763031
159981,2023-06-09,1.421,1.4199,0.07747024438340411
159981,2023-06-12,1.395,1.4105,-1.098901098901106
159981,2023-06-13,1.421,1.4086,0.8803066874911281
159981,2023-06-14,1.444,1.439,0.34746351633077044
159981,2023-06-15,1.448,1.4481,-0.006905600441953208
159981,2023-06-16,1.447,1.455,-0.5498281786941561
159981,2023-06-19,1.422,1.4383,-1.1332823472154585
159981,2023-06-20,1.435,1.4331,0.1325797222803793
159981,2023-06-21,1.437,1.4387,-0.11816222979078583
159981,2023-06-26,1.416,1.4179,-0.1340009873756931
159981,2023-06-27,1.435,1.4267,0.5817621083619606
159981,2023-06-28,1.431,1.428,0.21008403361344463
159981,2023-06-29,1.444,1.4469,-0.2004285023153085
159981,2023-06-30,1.46,1.4574,0.17839989021544156
159981,2023-07-03,1.464,1.465,-0.06825938566553669
159981,2023-07-04,1.468,1.4698,-0.12246564158389095
159981,2023-07-05,1.46,1.4639,-0.26641164013935237
159981,2023-07-06,1.472,1.4661,0.4024282108996635
159981,2023-07-07,1.491,1.4849,0.41080207421375636
159981,2023-07-10,1.495,1.4956,-0.040117678523665656
159981,2023-07-11,1.529,1.5237,0.34783750082036935
159981,2023-07-12,1.547,1.5419,0.330760749724357
159981,2023-07-13,1.537,1.5404,-0.2207218904180741
159981,2023-07-14,1.57,1.5606,0.6023324362424809
159981,2023-07-17,1.524,1.5473,-1.5058488980805196
159981,2023-07-18,1.548,1.5419,0.3956157986899189
159981,2023-07-19,1.553,1.551,0.12894906511928816
159981,2023-07-20,1.546,1.5531,-0.4571502156976326
159981,2023-07-21,1.54,1.5474,-0.4782215328938966
159981,2023-07-24,1.522,1.5354,-0.8727367461247915
159981,2023-07-25,1.546,1.5404,0.36354193715917305
159981,2023-07-26,1.554,1.5585,-0.2887391722810384
159981,2023-07-27,1.555,1.5596,-0.29494742241601424
159981,2023-07-28,1.583,1.5699,0.8344480540161792
159981,2023-07-31,1.574,1.5807,-0.42386284557474063
159981,2023-08-01,1.605,1.5986,0.4003503065181935
159981,2023-08-02,1.598,1.6057,-0.4795416329326674
159981,2023-08-03,1.568,1.5813,-0.8410801239486454
159981,2023-08-04,1.576,1.5836,-0.4799191715079476
159981,2023-08-07,1.558,1.5639,-0.3772619732719473
159981,2023-08-08,1.565,1.5626,0.15359017022911203
159981,2023-08-09,1.571,1.5688,0.14023457419682916
159981,2023-08-10,1.575,1.5779,-0.1837885797579153
159981,2023-08-11,1.598,1.5923,0.35797274382969313
159981,2023-08-14,1.569,1.5828,-0.871872630780901
159981,2023-08-15,1.572,1.5745,-0.15878056525880924
159981,2023-08-16,1.548,1.5622,-0.9089745231084412
159981,2023-08-17,1.559,1.5524,0.4251481576913019
159981,2023-08-18,1.589,1.5858,0.20179089418588259
159981,2023-08-21,1.639,1.6132,1.599305727746092
159981,2023-08-22,1.634,1.6327,0.0796227108470493
159981,2023-08-23,1.632,1.6434,-0.6936838262139533
159981,2023-08-24,1.631,1.6397,-0.5305848630847043
159981,2023-08-25,1.643,1.6385,0.27464144034177185
159981,2023-08-28,1.622,1.6345,-0.7647598654022647
159981,2023-08-29,1.62,1.6275,-0.4608294930875445
159981,2023-08-30,1.688,1.6573,1.8524105472756958
159981,2023-08-31,1.683,1.6853,-0.1364742182400791
159981,2023-09-01,1.708,1.7047,0.193582448524654
159981,2023-09-04,1.672,1.6915,-1.1528229382205213
159981,2023-09-05,1.675,1.6819,-0.4102503121469758
159981,2023-09-06,1.696,1.6919,0.2423311070394174
159981,2023-09-07,1.666,1.6813,-0.9100101112234582
159981,2023-09-08,1.645,1.6568,-0.7122163206180643
159981,2023-09-11,1.674,1.6746,-0.03582945180939934
159981,2023-09-12,1.711,1.6967,0.8428125184181123
159981,2023-09-13,1.685,1.6998,-0.8706906694905259
159981,2023-09-14,1.709,1.7006,0.49394331412444537
159981,2023-09-15,1.716,1.7182,-0.1280409731113985
159981,2023-09-18,1.716,1.706,0.5861664712778492
159981,2023-09-19,1.726,1.7241,0.11020242445334283
159981,2023-09-20,1.709,1.7168,-0.4543336439888135
159981,2023-09-21,1.68,1.6965,-0.972590627763037
159981,2023-09-22,1.696,1.6915,0.2660360626662639
159981,2023-09-25,1.666,1.6775,-0.6855439642324934
159981,2023-09-26,1.643,1.6566,-0.8209585898828919
159981,2023-09-27,1.652,1.6551,-0.1872998610355947
159981,2023-09-28,1.651,1.6687,-1.0607059387547246
159981,2023-10-09,1.633,1.6424,-0.5723331709693191
159981,2023-10-10,1.597,1.6186,-1.3344865933522798
159981,2023-10-11,1.598,1.6037,-0.3554280725821424
159981,2023-10-12,1.592,1.5909,0.06914325224716134
159981,2023-10-13,1.588,1.5923,-0.27004961376624337
159981,2023-10-16,1.605,1.6002,0.29996250468691255
159981,2023-10-17,1.587,1.5984,-0.7132132132132152
159981,2023-10-18,1.578,1.5885,-0.6610009442870601
159981,2023-10-19,1.588,1.5879,0.006297625795070871
159981,2023-10-20,1.585,1.5937,-0.545899479199341
159981,2023-10-23,1.562,1.5725,-0.6677265500794838
159981,2023-10-24,1.573,1.568,0.3188775510204023
159981,2023-10-25,1.583,1.5853,-0.1450829495994399
159981,2023-10-26,1.584,1.5879,-0.24560740600793052
159981,2023-10-27,1.595,1.5858,0.5801488207844541
159981,2023-10-30,1.611,1.6022,0.5492447884159146
159981,2023-10-31,1.608,1.6053,0.1681928611474648
159981,2023-11-01,1.596,1.6029,-0.4304697735354579
159981,2023-11-02,1.592,1.5942,-0.13800025090954238
159981,2023-11-03,1.619,1.6121,0.42801315054896705
159981,2023-11-06,1.615,1.617,-0.12368583797155441
159981,2023-11-07,1.609,1.6232,-0.8748151798915749
159981,2023-11-08,1.619,1.6117,0.45293789166718224
159981,2023-11-09,1.618,1.6224,-0.2712031558185335
159981,2023-11-10,1.624,1.6327,-0.5328596802841923
159981,2023-11-13,1.609,1.6163,-0.45164882756913993
159981,2023-11-14,1.61,1.6134,-0.21073509359116338
159981,2023-11-15,1.629,1.622,0.4315659679408057
159981,2023-11-16,1.648,1.6327,0.9370980584308075
159981,2023-11-17,1.65,1.6544,-0.26595744680851796
159981,2023-11-20,1.647,1.6511,-0.24831930228332855
159981,2023-11-21,1.602,1.6293,-1.6755661940710653
159981,2023-11-22,1.594,1.6002,-0.3874515685539315
159981,2023-11-23,1.583,1.5859,-0.1828614666750772
159981,2023-11-24,1.59,1.59,0.0
159981,2023-11-27,1.587,1.5903,-0.20750801735521796
159981,2023-11-28,1.585,1.5903,-0.3332704521159635
159981,2023-11-29,1.588,1.5899,-0.11950437134411462
159981,2023-11-30,1.624,1.6066,1.0830324909747446
159981,2023-12-01,1.621,1.6242,-0.1970200714197845
159981,2023-12-04,1.6,1.6219,-1.3502682039583047
159981,2023-12-05,1.597,1.6048,-0.4860418743768746
159981,2023-12-06,1.608,1.6059,0.13076779376051118
159981,2023-12-07,1.624,1.6116,0.7694216927277342
159981,2023-12-08,1.618,1.623,-0.30807147258162804
159981,2023-12-11,1.605,1.6151,-0.6253482756485629
159981,2023-12-12,1.61,1.6064,0.22410358565736477
159981,2023-12-13,1.571,1.5874,-1.033135945571373
159981,2023-12-14,1.567,1.5736,-0.4194204372140464
159981,2023-12-15,1.579,1.5842,-0.3282413836636855
159981,2023-12-18,1.584,1.5762,0.4948610582413471
159981,2023-12-19,1.586,1.5888,-0.17623363544813087
159981,2023-12-20,1.62,1.607,0.8089607965152457
159981,2023-12-21,1.638,1.624,0.8620689655172376
159981,2023-12-22,1.658,1.6489,0.5518830735641966
159981,2023-12-25,1.634,1.6403,-0.38407608364324775
159981,2023-12-26,1.632,1.6358,-0.2323022374373429
159981,2023-12-27,1.641,1.6393,0.10370279997560239
159981,2023-12-28,1.655,1.6471,0.47963086637119456
159981,2023-12-29,1.642,1.6446,-0.15809315335036933
159981,2023-12-31,,1.6446,
159981,2024-01-02,1.629,1.6388,-0.5979985355137885
159981,2024-01-03,1.634,1.6384,-0.2685546875000111
159981,2024-01-04,1.627,1.6382,-0.6836772066902808
159981,2024-01-05,1.62,1.6242,-0.2585888437384498
159981,2024-01-08,1.6,1.6158,-0.9778437925485717
159981,2024-01-09,1.592,1.6016,-0.5994005994005902
159981,2024-01-10,1.566,1.5866,-1.2983738812555101
159981,2024-01-11,1.575,1.5714,0.22909507445589838
159981,2024-01-12,1.578,1.5792,-0.07598784194527974
159981,2024-01-15,1.582,1.5815,0.031615554853003935
159981,2024-01-16,1.591,1.5875,0.2204724409448966
159981,2024-01-17,1.579,1.5868,-0.49155533148474984
159981,2024-01-18,1.597,1.5892,0.4908129876667555
159981,2024-01-19,1.596,1.5954,0.037608123354648804
159981,2024-01-22,1.624,1.6158,0.5074885505631954
159981,2024-01-23,1.63,1.6258,0.25833435846966957
159981,2024-01-24,1.653,1.6408,0.7435397367137941
159981,2024-01-25,1.64,1.6537,-0.8284453044687723
159981,2024-01-26,1.648,1.652,-0.2421307506053294
159981,2024-01-29,1.658,1.6604,-0.14454348349796087
159981,2024-01-30,1.649,1.658,-0.5428226779252032
159981,2024-01-31,1.651,1.6506,0.02423361201986385
159981,2024-02-01,1.622,1.6358,-0.8436239149040126
159981,2024-02-02,1.61,1.6217,-0.7214651291854168
159981,2024-02-05,1.619,1.6239,-0.3017427181476684
159981,2024-02-06,1.625,1.6207,0.26531745542048846
159981,2024-02-07,1.649,1.6423,0.4079644401144611
159981,2024-02-08,1.643,1.6508,-0.4724981826992991
159981,2024-02-19,1.645,1.6529,-0.47794784923468336
159981,2024-02-20,1.616,1.6314,-0.9439745004290678
159981,2024-02-21,1.62,1.6235,-0.21558361564519846
159981,2024-02-22,1.634,1.631,0.18393623543837556
159981,2024-02-23,1.632,1.6396,-0.4635276896804097
159981,2024-02-26,1.622,1.6291,-0.4358234608065725
159981,2024-02-27,1.647,1.6347,0.7524316388328067
159981,2024-02-28,1.635,1.6485,-0.8189262966333044
159981,2024-02-29,1.63,1.6323,-0.14090547080807259
159981,2024-03-01,1.631,1.6293,0.10433928681028437
159981,2024-03-04,1.626,1.6284,-0.14738393515107973
159981,2024-03-05,1.61,1.6157,-0.35278826514821837
159981,2024-03-06,1.623,1.6113,0.7261217650344376
159981,2024-03-07,1.609,1.6172,-0.5070492208755883
159981,2024-03-08,1.617,1.611,0.3724394785847407
159981,2024-03-11,1.609,1.608,0.062189054726369264
159981,2024-03-12,1.606,1.6101,-0.2546425687845466
159981,2024-03-13,1.603,1.6032,-0.012475049900195767
159981,2024-03-14,1.624,1.6136,0.6445215666831983
159981,2024-03-15,1.637,1.6347,0.1406985991313281
159981,2024-03-18,1.629,1.628,0.06142506142505777
159981,2024-03-19,1.638,1.6409,-0.17673228106527272
159981,2024-03-20,1.63,1.6389,-0.5430471657819402
159981,2024-03-21,1.614,1.6189,-0.3026746556303639
159981,2024-03-22,1.609,1.6138,-0.29743462634774787
159981,2024-03-25,1.603,1.6101,-0.44096639960251593
159981,2024-03-26,1.601,1.6038,-0.17458535977054046
159981,2024-03-27,1.597,1.6034,-0.3991518024198504
159981,2024-03-28,1.595,1.5952,-0.012537612838514622
159981,2024-03-29,1.6,1.597,0.18785222291797243
159981,2024-04-01,1.619,1.6128,0.3844246031746046
159981,2024-04-02,1.617,1.6221,-0.31440724986129265
159981,2024-04-03,1.617,1.6236,-0.40650406504064707
159981,2024-04-08,1.613,1.6187,-0.35213442886267154
159981,2024-04-09,1.618,1.6186,-0.037069072037554385
159981,2024-04-10,1.627,1.6256,0.08612204724409711
159981,2024-04-11,1.618,1.6244,-0.3939916276779143
159981,2024-04-12,1.617,1.6191,-0.12970168612191912
159981,2024-04-15,1.635,1.6292,0.3560029462312819
159981,2024-04-16,1.628,1.6371,-0.5558609736729614
159981,2024-04-17,1.638,1.6386,-0.036616623947283156
159981,2024-04-18,1.641,1.6413,-0.018278194114418334
159981,2024-04-19,1.642,1.6491,-0.43053786914074577
159981,2024-04-22,1.639,1.6475,-0.5159332321699517
159981,2024-04-23,1.623,1.6378,-0.9036512394675733
159981,2024-04-24,1.634,1.6322,0.11028060286728536
159981,2024-04-25,1.625,1.629,-0.24554941682013443
159981,2024-04-26,1.631,1.6285,0.1535155050660153
159981,2024-04-29,1.636,1.6384,-0.1464843750000111
159981,2024-04-30,1.632,1.6395,-0.45745654162855365
159981,2024-05-06,1.631,1.6267,0.26433884551546605
159981,2024-05-07,1.64,1.6386,0.08543878921030146
159981,2024-05-08,1.628,1.6365,-0.5194011610143656
159981,2024-05-09,1.632,1.6329,-0.055116663604637406
159981,2024-05-10,1.63,1.6279,0.12900055285951506
159981,2024-05-13,1.637,1.6305,0.3986507206378276
159981,2024-05-14,1.629,1.6364,-0.452212173062827
159981,2024-05-15,1.633,1.6266,0.393458748309361
159981,2024-05-16,1.648,1.6382,0.5982175558539637
159981,2024-05-17,1.676,1.6576,1.1100386100385995
159981,2024-05-20,1.683,1.6751,0.47161363500687337
159981,2024-05-21,1.671,1.6766,-0.3340093045449133
159981,2024-05-22,1.668,1.6719,-0.233267539924642
159981,2024-05-23,1.658,1.661,-0.18061408789886713
159981,2024-05-24,1.674,1.6721,0.11362956760958554
159981,2024-05-27,1.688,1.6798,0.48815335158947093
159981,2024-05-28,1.677,1.6818,-0.28540849090259446
159981,2024-05-29,1.694,1.6803,0.8153305957269597
159981,2024-05-30,1.702,1.7012,0.0470256289677895
159981,2024-05-31,1.686,1.6947,-0.5133651973800779
159981,2024-06-03,1.654,1.6686,-0.8749850173798479
159981,2024-06-04,1.644,1.6499,-0.35759743014728285
159981,2024-06-05,1.652,1.6522,-0.012105072025181407
159981,2024-06-06,1.657,1.6601,-0.18673573881090588
159981,2024-06-07,1.653,1.6601,-0.4276850792120923
159981,2024-06-11,1.652,1.6599,-0.47593228507741836
159981,2024-06-12,1.662,1.661,0.06020469596628164
159981,2024-06-13,1.646,1.6545,-0.513750377757638
159981,2024-06-14,1.646,1.6514,-0.32699527673489825
159981,2024-06-17,1.623,1.637,-0.8552229688454482
159981,2024-06-18,1.624,1.6339,-0.6059122345308698
159981,2024-06-19,1.639,1.6401,-0.06706908115358123
159981,2024-06-20,1.638,1.6415,-0.2132196162046962
159981,2024-06-21,1.628,1.6391,-0.6772009029345494
159981,2024-06-24,1.618,1.6244,-0.3939916276779143
159981,2024-06-25,1.638,1.635,0.18348623853210455
159981,2024-06-26,1.631,1.6315,-0.030646644192455774
159981,2024-06-27,1.631,1.633,-0.12247397428046813
159981,2024-06-28,1.65,1.6457,0.2612869903384496
159981,2024-06-30,,1.6456,
159981,2024-07-01,1.643,1.6448,-0.10943579766536926
159981,2024-07-02,1.658,1.6512,0.41182170542635177
159981,2024-07-03,1.672,1.6655,0.3902731912338586
159981,2024-07-04,1.659,1.668,-0.5395683453237377
159981,2024-07-05,1.64,1.6513,-0.6843093320414217
159981,2024-07-08,1.628,1.6346,-0.40376850605653436
159981,2024-07-09,1.631,1.6321,-0.06739783101525898
159981,2024-07-10,1.619,1.6249,-0.36309926764723777
159981,2024-07-11,1.634,1.6345,-0.030590394616103467
159981,2024-07-12,1.632,1.6336,-0.09794319294809117
159981,2024-07-15,1.622,1.6269,-0.3011863052430952
159981,2024-07-16,1.617,1.6183,-0.08033121176543867
159981,2024-07-17,1.608,1.6138,-0.35940017350352127
159981,2024-07-18,1.613,1.611,0.12414649286158763
159981,2024-07-19,1.601,1.6062,-0.3237454862408229
159981,2024-07-22,1.593,1.5986,-0.35030651820343595
159981,2024-07-23,1.594,1.5968,-0.17535070140279885
159981,2024-07-24,1.597,1.5942,0.17563668297577717
159981,2024-07-25,1.578,1.5883,-0.648492098470066
159981,2024-07-26,1.592,1.5903,0.10689806954662373
159981,2024-07-29,1.575,1.5822,-0.4550625711035372
159981,2024-07-30,1.556,1.5649,-0.5687264361940003
159981,2024-07-31,1.578,1.5713,0.42639852351558094
159981,2024-08-01,1.583,1.5859,-0.1828614666750772
159981,2024-08-02,1.582,1.584,-0.12626262626262985
159981,2024-08-05,1.552,1.5654,-0.8560112431327371
159981,2024-08-06,1.544,1.5531,-0.5859249243448494
159981,2024-08-07,1.541,1.5412,-0.012976901116013018
159981,2024-08-08,1.532,1.5418,-0.6356207030743355
159981,2024-08-09,1.532,1.5336,-0.10432968179446833
159981,2024-08-12,1.531,1.5283,0.176666884773935
159981,2024-08-13,1.535,1.5359,-0.05859756494563939
159981,2024-08-14,1.522,1.5275,-0.36006546644844484
159981,2024-08-15,1.509,1.5057,0.2191671647738591
159981,2024-08-16,1.505,1.5145,-0.6272697259821713
159981,2024-08-19,1.492,1.4956,-0.24070607114201614
159981,2024-08-20,1.499,1.4906,0.5635314638400724
159981,2024-08-21,1.514,1.5091,0.3246968391756644
159981,2024-08-22,1.49,1.5073,-1.1477476282093835
159981,2024-08-23,1.489,1.4905,-0.10063737001004824
159981,2024-08-26,1.513,1.5038,0.6117834818459844
159981,2024-08-27,1.519,1.5176,0.09225092250921829
159981,2024-08-28,1.509,1.5127,-0.2445957559330969
159981,2024-08-29,1.505,1.5065,-0.09956853634252028
159981,2024-08-30,1.505,1.5075,-0.16583747927032544
159981,2024-09-02,1.449,1.4719,-1.5558122155037601
159981,2024-09-03,1.447,1.4475,-0.03454231433506205
159981,2024-09-04,1.42,1.4242,-0.2949024013481294
159981,2024-09-05,1.401,1.4112,-0.7227891156462607
159981,2024-09-06,1.404,1.4007,0.2355964874705352
159981,2024-09-09,1.386,1.3849,0.0794281175536149
159981,2024-09-10,1.351,1.3685,-1.2787723785166238
159981,2024-09-11,1.362,1.3409,1.5735699903050238
159981,2024-09-12,1.371,1.3588,0.8978510450397437
159981,2024-09-13,1.366,1.3737,-0.5605299555943688
159981,2024-09-18,1.354,1.358,-0.2945508100147265
159981,2024-09-19,1.38,1.3598,1.4855125753787224
159981,2024-09-20,1.371,1.3723,-0.09473147271005233
159981,2024-09-23,1.356,1.3593,-0.2427720150077195
159981,2024-09-24,1.393,1.3699,1.6862544711292893
159981,2024-09-25,1.395,1.4082,-0.9373668512995259
159981,2024-09-26,1.396,1.3951,0.06451150455164534
159981,2024-09-27,1.427,1.4113,1.112449514631897
159981,2024-09-30,1.486,1.4607,1.7320462791811986
159981,2024-10-08,1.495,1.5211,-1.7158635198211702
159981,2024-10-09,1.464,1.4836,-1.3211108115395054
159981,2024-10-10,1.451,1.4604,-0.6436592714324729
159981,2024-10-11,1.464,1.4677,-0.25209511480548397
159981,2024-10-14,1.467,1.4701,-0.21087000884292273
159981,2024-10-15,1.447,1.4576,-0.7272228320526875
159981,2024-10-16,1.44,1.4514,-0.7854485324514271
159981,2024-10-17,1.408,1.432,-1.6759776536312887
159981,2024-10-18,1.421,1.42,0.07042253521127861
159981,2024-10-21,1.41,1.4109,-0.06378907080587526
159981,2024-10-22,1.432,1.4284,0.252030243629231
159981,2024-10-23,1.433,1.4362,-0.22281019356634735
159981,2024-10-24,1.444,1.4395,0.3126085446335525
159981,2024-10-25,1.444,1.4461,-0.14521817301708095
159981,2024-10-28,1.459,1.4524,0.4544202698981037
159981,2024-10-29,1.428,1.4415,-0.9365244536940764
159981,2024-10-30,1.428,1.4317,-0.2584340294754517
159981,2024-10-31,1.444,1.4406,0.2360127724559069
159981,2024-11-01,1.446,1.4492,-0.2208114821970808
159981,2024-11-04,1.441,1.4387,0.15986654618753704
159981,2024-11-05,1.453,1.453,0.0
159981,2024-11-06,1.44,1.45,-0.6896551724137945
159981,2024-11-07,1.459,1.4469,0.8362706475913972
159981,2024-11-08,1.455,1.4597,-0.32198396930875894
159981,2024-11-11,1.441,1.4404,0.04165509580673632
159981,2024-11-12,1.431,1.433,-0.13956734124215275
159981,2024-11-13,1.44,1.4389,0.07644728612132834
159981,2024-11-14,1.424,1.4331,-0.6349870909217903
159981,2024-11-15,1.412,1.4278,-1.1065975626838531
159981,2024-11-18,1.423,1.4208,0.15484234234233174
159981,2024-11-19,1.436,1.4344,0.1115448968209698
159981,2024-11-20,1.445,1.4428,0.15248128638758462
159981,2024-11-21,1.448,1.4519,-0.26861354087747147
159981,2024-11-22,1.451,1.4565,-0.377617576381728
159981,2024-11-25,1.44,1.4467,-0.4631229695168382
159981,2024-11-26,1.438,1.4389,-0.06254777955383428
159981,2024-11-27,1.435,1.4371,-0.146127618119829
159981,2024-11-28,1.425,1.4312,-0.433202906651764
159981,2024-11-29,1.435,1.4318,0.22349490152255846
159981,2024-12-02,1.441,1.4365,0.3132613992342437
159981,2024-12-03,1.432,1.4337,-0.11857431819767283
159981,2024-12-04,1.425,1.4306,-0.39144414930798455
159981,2024-12-05,1.413,1.416,-0.21186440677964935
159981,2024-12-06,1.41,1.4073,0.19185674696227117
159981,2024-12-09,1.403,1.4032,-0.014253135689845653
159981,2024-12-10,1.415,1.4266,-0.8131221085097451
159981,2024-12-11,1.427,1.4255,0.10522623640827344
159981,2024-12-12,1.438,1.4365,0.10442046641141456
159981,2024-12-13,1.432,1.437,-0.3479471120389821
159981,2024-12-16,1.449,1.4398,0.6389776357827559
159981,2024-12-17,1.445,1.4501,-0.3516998827666984
159981,2024-12-18,1.44,1.4454,-0.37359900373599153
159981,2024-12-19,1.443,1.4443,-0.09000900090008201
159981,2024-12-20,1.431,1.4374,-0.4452483651036565
159981,2024-12-23,1.447,1.4399,0.49308979790263496
159981,2024-12-24,1.452,1.4488,0.2208724461623346
159981,2024-12-25,1.447,1.4548,-0.5361561726697883
159981,2024-12-26,1.437,1.4425,-0.3812824956672345
159981,2024-12-27,1.425,1.4353,-0.7176200097540608
159981,2024-12-30,1.438,1.4355,0.174155346569127
159981,2024-12-31,1.448,1.4447,0.22842112549317228
159981,2025-01-02,1.467,1.4615,0.3763256927813874
159981,2025-01-03,1.448,1.4582,-0.6994925250308537
159981,2025-01-06,1.436,1.4495,-0.9313556398758194
159981,2025-01-07,1.424,1.4324,-0.5864283719631325
159981,2025-01-08,1.427,1.4236,0.23883113234055564
159981,2025-01-09,1.448,1.4337,0.9974192648392277
159981,2025-01-10,1.445,1.4442,0.05539398975211718
159981,2025-01-13,1.482,1.4717,0.6998708976014179
159981,2025-01-14,1.475,1.4761,-0.07452069642976955
159981,2025-01-15,1.489,1.484,0.3369272237196741
159981,2025-01-16,1.495,1.4931,0.127252025986202
159981,2025-01-17,1.492,1.4896,0.1611170784103111
159981,2025-01-20,1.471,1.4767,-0.38599580144916823
159981,2025-01-21,1.474,1.4758,-0.1219677463070945
159981,2025-01-22,1.46,1.4634,-0.2323356566899082
159981,2025-01-23,1.445,1.453,-0.550584996558845
159981,2025-01-24,1.446,1.4457,0.02075119319360219
159981,2025-01-27,1.436,1.4372,-0.08349568605622304
159981,2025-02-05,1.439,1.4338,0.3626726182173412
159981,2025-02-06,1.439,1.4295,0.6645680307799884
159981,2025-02-07,1.457,1.4503,0.4619733848169494
159981,2025-02-10,1.47,1.4607,0.6366810433353853
159981,2025-02-11,1.466,1.4652,0.05460005460005135
159981,2025-02-12,1.463,1.4626,0.027348557363615633
159981,2025-02-13,1.433,1.4453,-0.8510343873244341
159981,2025-02-14,1.433,1.4335,-0.03487966515520746
159981,2025-02-17,1.442,1.4322,0.6842619745845546
159981,2025-02-18,1.443,1.4417,0.0901713255184955
159981,2025-02-19,1.44,1.4419,-0.13177058048408075
159981,2025-02-20,1.447,1.4426,0.3050048523499216
159981,2025-02-21,1.438,1.4431,-0.3534058623796077
159981,2025-02-24,1.435,1.4343,0.04880429477795989
159981,2025-02-25,1.426,1.4281,-0.14704852601358231
159981,2025-02-26,1.416,1.4152,0.05652911249292014
159981,2025-02-27,1.426,1.4178,0.5783608407391672
159981,2025-02-28,1.426,1.4262,-0.014023278642549819
159981,2025-03-03,1.432,1.4343,-0.16035696855608572
159981,2025-03-04,1.418,1.4218,-0.2672668448445603
159981,2025-03-05,1.408,1.4088,-0.05678591709257219
159981,2025-03-06,1.4,1.3969,0.22191996563818428
159981,2025-03-07,1.402,1.4,0.14285714285713347
159981,2025-03-10,1.395,1.4023,-0.5205733437923521
159981,2025-03-11,1.389,1.3876,0.10089362928797918
159981,2025-03-12,1.367,1.3795,-0.9061254077564307
159981,2025-03-13,1.374,1.3738,0.014558159848609975
159981,2025-03-14,1.396,1.3844,0.83790811904072
159981,2025-03-17,1.392,1.394,-0.1434720229555264
159981,2025-03-18,1.388,1.3877,0.02161850544064592
159981,2025-03-19,1.386,1.3863,-0.0216403375892793
159981,2025-03-20,1.394,1.3892,0.3455226029369429
159981,2025-03-21,1.392,1.3953,-0.2365082777897265
159981,2025-03-24,1.411,1.4035,0.5343783398646273
159981,2025-03-25,1.405,1.4047,0.02135687335373948
159981,2025-03-26,1.408,1.4076,0.028417163967042747
159981,2025-03-27,1.411,1.4118,-0.05666525003541478
159981,2025-03-28,1.398,1.4032,-0.3705815279361535
159981,2025-03-31,1.375,1.3828,-0.5640728955741969
159981,2025-04-01,1.387,1.3866,0.028847540747145572
159981,2025-04-02,1.386,1.3889,-0.20879832961336886
159981,2025-04-03,1.368,1.3764,-0.6102877070618962
159981,2025-04-07,1.253,1.3089,-4.270761708304693
159981,2025-04-08,1.268,1.2835,-1.207635372029614
159981,2025-04-09,1.239,1.2384,0.048449612403111963
159981,2025-04-10,1.29,1.2646,2.0085402498813965
159981,2025-04-11,1.289,1.2805,0.663803201874269
159981,2025-04-14,1.283,1.2842,-0.09344338888024328
159981,2025-04-15,1.27,1.2739,-0.30614647931549444
159981,2025-04-16,1.256,1.2638,-0.6171862636493164
159981,2025-04-17,1.254,1.2603,-0.49988098071886977
159981,2025-04-18,1.26,1.2579,0.16694490818029983
159981,2025-04-21,1.266,1.2639,0.16615238547352806
159981,2025-04-22,1.257,1.2564,0.047755491881562584
159981,2025-04-23,1.283,1.2673,1.2388542570819672
159981,2025-04-24,1.273,1.2706,0.18888713993387984
159981,2025-04-25,1.276,1.2756,0.03135779241141279
159981,2025-04-28,1.289,1.2877,0.10095519142656606
159981,2025-04-29,1.275,1.2806,-0.43729501796033743
159981,2025-04-30,1.266,1.2705,-0.35419126328216644
159981,2025-05-06,1.25,1.252,-0.15974440894568342
159981,2025-05-07,1.265,1.27,-0.3937007874015852
159981,2025-05-08,1.271,1.2649,0.4822515613882583
159981,2025-05-09,1.277,1.2766,0.03133322888924095
159981,2025-05-12,1.301,1.2884,0.9779571561626677
159981,2025-05-13,1.311,1.3101,0.06869704602701088
159981,2025-05-14,1.349,1.3385,0.784460216660432
159981,2025-05-15,1.327,1.3353,-0.6215831648318737
159981,2025-05-16,1.312,1.3228,-0.8164499546416626
159981,2025-05-19,1.31,1.3171,-0.5390630931592089
159981,2025-05-20,1.301,1.305,-0.30651340996168397
159981,2025-05-21,1.314,1.3105,0.26707363601679024
159981,2025-05-22,1.296,1.3018,-0.4455369488400751
159981,2025-05-23,1.289,1.2964,-0.5708114779389151
159981,2025-05-26,1.294,1.2987,-0.361900361900358
159981,2025-05-27,1.292,1.2855,0.5056398288603603
159981,2025-05-28,1.28,1.2859,-0.45882261451123396
159981,2025-05-29,1.3,1.2889,0.8611994724183392
159981,2025-05-30,1.282,1.2861,-0.3187932509136182
159981,2025-06-03,1.276,1.2828,-0.5300904271905105
159981,2025-06-04,1.293,1.2861,0.5365057149521846
159981,2025-06-05,1.283,1.2819,0.0858101255948096
159981,2025-06-06,1.289,1.2932,-0.32477575007732185
159981,2025-06-09,1.29,1.2906,-0.046490004648991334
159981,2025-06-10,1.289,1.292,-0.23219814241487446
159981,2025-06-11,1.293,1.2877,0.41158654966217956
159981,2025-06-12,1.291,1.294,-0.23183925811438577
159981,2025-06-13,1.333,1.3332,-0.015001500150013669
159981,2025-06-16,1.35,1.3471,0.21527726226711064
159981,2025-06-17,1.347,1.3417,0.3950212417082932
159981,2025-06-18,1.385,1.377,0.5809731299927456
159981,2025-06-19,1.402,1.3892,0.921393607831833
159981,2025-06-20,1.396,1.4044,-0.598120193677032
159981,2025-06-23,1.397,1.3949,0.1505484264104906
159981,2025-06-24,1.335,1.3527,-1.308494122865389
159981,2025-06-25,1.341,1.339,0.14936519790889058
159981,2025-06-26,1.343,1.34,0.2238805970149249
159981,2025-06-27,1.338,1.3424,-0.3277711561382568
159981,2025-06-30,1.338,1.3455,-0.557413600891854
159981,2025-07-01,1.335,1.3364,-0.10475905417539622
159981,2025-07-02,1.35,1.3414,0.641121216639351
159981,2025-07-03,1.343,1.345,-0.14869888475836923
159981,2025-07-04,1.333,1.342,-0.6706408345752646
159981,2025-07-07,1.329,1.3315,-0.18775816748027863
159981,2025-07-08,1.328,1.3297,-0.1278483868541791
159981,2025-07-09,1.33,1.3269,0.233627251488433
159981,2025-07-10,1.343,1.3395,0.26129152668907807
159981,2025-07-11,1.331,1.3374,-0.47854045162254444
159981,2025-07-14,1.345,1.3409,0.30576478484600766
159981,2025-07-15,1.332,1.3389,-0.515348420345052
159981,2025-07-16,1.331,1.3336,-0.19496100779843317
159981,2025-07-17,1.335,1.3338,0.08996851102114345
159981,2025-07-18,1.338,1.3426,-0.34261879934455175
159981,2025-07-21,1.364,1.3579,0.4492230650268825
159981,2025-07-22,1.383,1.3705,0.9120758847136035
159981,2025-07-23,1.368,1.3791,-0.80487274309331
159981,2025-07-24,1.405,1.3926,0.8904207956340615
159981,2025-07-25,1.433,1.4231,0.6956643946314456
159981,2025-07-28,1.374,1.395,-1.505376344086018
159981,2025-07-29,1.379,1.375,0.2909090909090972
159981,2025-07-30,1.378,1.3875,-0.6846846846846888
159981,2025-07-31,1.359,1.3703,-0.8246369408158816
159981,2025-08-01,1.347,1.3515,-0.33296337402884957
159981,2025-08-04,1.341,1.3384,0.19426180514046099
159981,2025-08-05,1.342,1.3325,0.7129455909943738
159981,2025-08-06,1.346,1.3406,0.4028047143070257
159981,2025-08-07,1.34,1.34,0.0
159981,2025-08-08,1.328,1.3317,-0.277840354434189
159981,2025-08-11,1.336,1.3332,0.21002100210021357
159981,2025-08-12,1.346,1.3398,0.46275563516942064
159981,2025-08-13,1.335,1.3391,-0.3061757897095063
159981,2025-08-14,1.315,1.323,-0.6046863189720364
159981,2025-08-15,1.317,1.3198,-0.2121533565691891
159981,2025-08-18,1.317,1.3154,0.12163600425725285
159981,2025-08-19,1.313,1.3147,-0.12930706625086108
159981,2025-08-20,1.319,1.3132,0.44166920499544293
159981,2025-08-21,1.33,1.3275,0.18832391713747842
159981,2025-08-22,1.327,1.33,-0.22556390977443996
159981,2025-08-25,1.335,1.3378,-0.20929884885634298
159981,2025-08-26,1.326,1.3354,-0.703908941141218
159981,2025-08-27,1.315,1.3244,-0.7097553609181517
159981,2025-08-28,1.314,1.3117,0.17534497217350786
159981,2025-08-29,1.311,1.3102,0.06105938024727475
159981,2025-09-01,1.307,1.3041,0.2223755846944231
159981,2025-09-02,1.305,1.3086,-0.27510316368638543
159981,2025-09-03,1.303,1.3074,-0.33654581612360124
159981,2025-09-04,1.293,1.2945,-0.11587485515643925
159981,2025-09-05,1.307,1.3008,0.47662976629765375
159981,2025-09-08,1.311,1.3043,0.5136855018017306
159981,2025-09-09,1.306,1.3054,0.045962923241926745
159981,2025-09-10,1.308,1.3065,0.11481056257176547
159981,2025-09-11,1.305,1.3058,-0.061265124827702966
159981,2025-09-12,1.296,1.2953,0.05404153477959195
159981,2025-09-15,1.308,1.3042,0.29136635485356166
159981,2025-09-16,1.307,1.3122,-0.3962810547172735
159981,2025-09-17,1.308,1.3098,-0.13742556115438065
159981,2025-09-18,1.295,1.3039,-0.6825676815706783
159981,2025-09-19,1.291,1.2937,-0.2087037180180995
159981,2025-09-22,1.281,1.2874,-0.4971259903681968
159981,2025-09-23,1.277,1.2746,0.18829436686018663
159981,2025-09-24,1.294,1.2905,0.27121270825261057
159981,2025-09-25,1.305,1.3025,0.19193857965451588
159981,2025-09-26,1.299,1.3019,-0.22275136339197088
159981,2025-09-29,1.297,1.2977,-0.053941588965100706
159981,2025-09-30,1.283,1.2873,-0.33403247106348344
159981,2025-10-09,1.274,1.2718,0.17298317345495473
159981,2025-10-10,1.268,1.2708,-0.220333648095683
159981,2025-10-13,1.269,1.2686,0.031530821377900864
159981,2025-10-14,1.241,1.2503,-0.7438214828441092
159981,2025-10-15,1.243,1.2404,0.20960980328927903
159981,2025-10-16,1.252,1.2457,0.5057397447218337
159981,2025-10-17,1.231,1.2395,-0.6857603872529205
159981,2025-10-20,1.228,1.235,-0.5668016194332104
159981,2025-10-21,1.232,1.2271,0.3993154592127679
159981,2025-10-22,1.239,1.2355,0.28328611898016387
159981,2025-10-23,1.25,1.2454,0.3693592420106029
159981,2025-10-24,1.245,1.2491,-0.32823633015771625
159981,2025-10-27,1.258,1.2539,0.32697982295237793
159981,2025-10-28,1.254,1.256,-0.15923566878981443
159981,2025-10-29,1.261,1.2557,0.4220753364656993
159981,2025-10-30,1.24,1.2505,-0.839664134346263
159981,2025-10-31,1.235,1.2387,-0.2987002502623515
159981,2025-11-03,1.23,1.2329,-0.23521777921973186
159981,2025-11-04,1.225,1.224,0.08169934640522847
159981,2025-11-05,1.228,1.2225,0.44989775051125225
159981,2025-11-06,1.237,1.2252,0.9631080639895595
159981,2025-11-07,1.23,1.2307,-0.0568781993987133
159981,2025-11-10,1.231,1.2257,0.4324059720975937
159981,2025-11-11,1.217,1.2243,-0.5962590868251127
159981,2025-11-12,1.226,1.2239,0.17158264564098857
159981,2025-11-13,1.227,1.2214,0.4584902570820448
159981,2025-11-14,1.218,1.2236,-0.4576659038901587
159981,2025-11-17,1.21,1.2099,0.008265145879815528
159981,2025-11-18,1.205,1.2051,-0.008298066550493921
159981,2025-11-19,1.205,1.2056,-0.04976775049767568
159981,2025-11-20,1.201,1.2011,-0.008325701440348166
159981,2025-11-21,1.192,1.1976,-0.4676018704074858
159981,2025-11-24,1.213,1.2082,0.39728521767921077
159981,2025-11-25,1.211,1.2135,-0.20601565718993964
159981,2025-11-26,1.22,1.2176,0.1971090670170872
159981,2025-11-27,1.22,1.2226,-0.21266154097824286
159981,2025-11-28,1.234,1.2298,0.34151894617011624
159981,2025-12-01,1.242,1.2358,0.5016993040945161
159981,2025-12-02,1.238,1.2425,-0.3621730382293742
159981,2025-12-03,1.229,1.2336,-0.3728923476005175
159981,2025-12-04,1.23,1.2282,0.14655593551538004
159981,2025-12-05,1.216,1.2215,-0.4502660663119218
159981,2025-12-08,1.215,1.2141,0.0741289844329307
159981,2025-12-09,1.198,1.2036,-0.4652708541043604
159981,2025-12-10,1.193,1.1928,0.016767270288386982
159981,2025-12-11,1.192,1.1958,-0.31777889279144267
159981,2025-12-12,1.178,1.1811,-0.2624671916010568
159981,2025-12-15,1.186,1.1866,-0.050564638462846645
159981,2025-12-16,1.183,1.1821,0.076135690719914
159981,2025-12-17,1.191,1.1894,0.1345216075332223
159981,2025-12-18,1.206,1.2047,0.10791068315763042
159981,2025-12-19,1.215,1.2131,0.1566235265023419
159981,2025-12-22,1.235,1.2286,0.5209181181833111
159981,2025-12-23,1.24,1.2378,0.17773469058006697
159981,2025-12-24,1.251,1.2497,0.10402496599182243
159981,2025-12-25,1.253,1.2552,-0.17527087316764334
159981,2025-12-26,1.271,1.2646,0.5060888818598785
159981,2025-12-29,1.249,1.2551,-0.4860170504342287
159981,2025-12-30,1.271,1.2678,0.2524057422306214
159981,2025-12-31,1.27,1.2737,-0.29049226662479777
159981,2026-01-05,1.257,1.2653,-0.6559709159883131
159981,2026-01-06,1.292,1.2796,0.9690528290090539
159981,2026-01-07,1.294,1.2908,0.24790827393865733
159981,2026-01-08,1.275,1.2823,-0.5692895578257917
159981,2026-01-09,1.285,1.2781,0.5398638604177997
159981,2026-01-12,1.288,1.2901,-0.16277807921866172
159981,2026-01-13,1.28,1.284,-0.31152647975077885
159981,2026-01-14,1.285,1.2881,-0.2406645446782152
159981,2026-01-15,1.272,1.2832,-0.872817955112215
159981,2026-01-16,1.264,1.2658,-0.1422025596460763
159981,2026-01-19,1.255,1.2625,-0.5940594059405946
159981,2026-01-20,1.267,1.2577,0.7394450186848811
159981,2026-01-21,1.267,1.2698,-0.22050716648291946
159981,2026-01-22,1.297,1.2828,1.1069535391331486
159981,2026-01-23,1.33,1.3098,1.5422201862879792
159981,2026-01-26,1.341,1.3331,0.5926037056484867
159981,2026-01-27,1.308,1.3114,-0.2592649077321818
159981,2026-01-28,1.328,1.3158,0.9271925824593463
159981,2026-01-29,1.326,1.3205,0.41650889814464076
159981,2026-01-30,1.308,1.326,-1.3574660633484226
159981,2026-02-02,1.266,1.2947,-2.216729744342316
159981,2026-02-03,1.279,1.2806,-0.12494143370295197
159981,2026-02-04,1.296,1.2916,0.34066274388355744
159981,2026-02-05,1.274,1.2852,-0.8714596949890963
159981,2026-02-06,1.28,1.276,0.31347962382444194
159981,2026-02-09,1.279,1.2809,-0.14833320321648857
159981,2026-02-10,1.287,1.2856,0.10889856876166171
159981,2026-02-11,1.294,1.291,0.23237800154920496
159981,2026-02-12,1.282,1.294,-0.9273570324574987
159981,2026-02-13,1.269,1.2778,-0.688683675066537
159981,2026-02-24,1.312,1.3071,0.3748756789840213
159981,2026-02-25,1.301,1.3082,-0.5503745604647725
159981,2026-02-26,1.285,1.2938,-0.6801669500695717
159981,2026-02-27,1.278,1.2733,0.3691196104609995
159981,2026-03-02,1.356,1.3213,2.626201468250988
159981,2026-03-03,1.404,1.3816,1.621308627678042
159981,2026-03-04,1.409,1.4136,-0.3254102999434072
159981,2026-03-05,1.413,1.427,-0.9810791871058155
159981,2026-03-06,1.473,1.4379,2.4410598789901927
159981,2026-03-09,1.592,1.546,2.975420439844756
159981,2026-03-10,1.477,1.5161,-2.5789855550425345
159981,2026-03-11,1.566,1.5135,3.468780971258667
159981,2026-03-12,1.625,1.647,-1.3357619914996954
159981,2026-03-13,1.639,1.6426,-0.21916473882869214
159981,2026-03-16,1.652,1.6538,-0.10884024670455572
159981,2026-03-17,1.647,1.6256,1.3164370078740273
159981,2026-03-18,1.634,1.6544,-1.2330754352031015
159981,2026-03-19,1.701,1.7155,-0.8452346254736232
159981,2026-03-20,1.662,1.6499,0.7333777804715336
159981,2026-03-23,1.781,1.7318,2.8409747083958825
159981,2026-03-24,1.72,1.6964,1.3911813251591632
159981,2026-03-25,1.657,1.6327,1.4883322104489505
159981,2026-03-26,1.71,1.6678,2.5302794100011905
159981,2026-03-27,1.744,1.7051,2.2813911207553828
159981,2026-03-30,1.774,1.7489,1.4351878323517697
159981,2026-03-31,1.72,1.7054,0.8561041397912472
159981,2026-04-01,1.607,1.6614,-3.2743469363187727
159981,2026-04-02,1.699,1.6684,1.8340925437544842
159981,2026-04-03,1.739,1.7105,1.6661794796843044
159981,2026-04-07,1.786,1.7623,1.3448334562787378
159981,2026-04-08,1.64,1.685,-2.670623145400597
159981,2026-04-09,1.663,1.6418,1.2912656840053716
159981,2026-04-10,1.615,1.6244,-0.5786752031519349
159981,2026-04-13,1.625,1.6063,1.1641660959970102
159981,2026-04-14,1.624,1.6108,0.8194685870374974
159981,2026-04-15,1.64,1.6239,0.9914403596280597
159981,2026-04-16,1.657,1.6463,0.6499422948429867
159981,2026-04-17,1.66,1.6605,-0.030111412225242162
159981,2026-04-20,1.636,1.6321,0.23895594632681316
159981,2026-04-21,1.63,1.6224,0.4684418145956437
159981,2026-04-22,1.643,1.6385,0.27464144034177185
159981,2026-04-23,1.672,1.662,0.6016847172081841
159981,2026-04-24,1.662,1.6692,-0.43134435657801173
159981,2026-04-27,1.693,1.6846,0.4986346907277728
159981,2026-04-28,1.738,1.7096,1.6612072999532046
159981,2026-04-29,1.722,1.7262,-0.24330900243308973
159981,2026-04-30,1.725,1.7275,-0.14471780028942893
159981,2026-05-06,1.742,1.7381,0.2243829468960401
159981,2026-05-07,1.662,1.6897,-1.6393442622950838
159981,2026-05-08,1.636,1.6444,-0.5108246168815445
159981,2026-05-11,1.663,1.6605,0.1505570611261664
159981,2026-05-12,1.667,1.6609,0.367270756818594
159981,2026-05-13,1.65,1.6572,-0.43446777697321304
159981,2026-05-14,1.627,1.6416,-0.8893762183235787
159981,2026-05-15,1.649,1.6526,-0.2178385574246655
159981,2026-05-18,1.685,1.674,0.657108721624855
159981,2026-05-19,1.664,1.6587,0.31952734068847466
159981,2026-05-20,1.66,1.6688,-0.5273250239693272
159981,2026-05-21,1.659,1.662,-0.18050541516244634
159981,2026-05-22,1.621,1.6347,-0.83807426439102
159981,2026-05-25,1.58,1.5994,-1.2129548580717686
159981,2026-05-26,1.576,1.5832,-0.45477513895906263
159981,2026-05-27,1.578,1.5852,-0.4542013626040786
159981,2026-05-28,1.6,1.5971,0.18157911214076172
159981,2026-05-29,1.585,1.5941,-0.5708550279154401
159981,2026-06-01,1.618,1.6048,0.8225324027916203
159981,2026-06-02,1.625,1.6334,-0.5142647238888132
159981,2026-06-03,1.649,1.6422,0.41407867494822614
159981,2026-06-04,1.615,1.6338,-1.1506916391235134
159981,2026-06-05,1.633,1.6294,0.22094022339511632
159981,2026-06-08,1.69,1.6576,1.954633204633205
159981,2026-06-09,1.637,1.6546,-1.0637011966638465
159981,2026-06-10,1.648,1.6521,-0.24816899703408168
159981,2026-06-11,1.667,1.6714,-0.26325236328825774
159981,2026-06-12,1.665,1.6675,-0.14992503748125774
159981,2026-06-15,1.552,1.5927,-2.555409053808
159981,2026-06-16,1.52,1.5325,-0.815660685154973
159981,2026-06-17,1.496,1.5066,-0.7035709544670032
159981,2026-06-18,1.492,1.5023,-0.6856153897357387
159981,2026-06-22,1.476,1.4869,-0.7330688008608588
159981,2026-06-23,1.459,1.4777,-1.2654801380523772
159981,2026-06-24,1.441,1.4609,-1.362174002327332
159981,2026-06-25,1.4,1.412,-0.8498583569405138
159981,2026-06-26,1.403,1.4158,-0.9040824975278916
159981,2026-06-29,1.423,1.4215,0.10552233556102575
159981,2026-06-30,1.418,1.426,-0.5610098176718092
159981,2026-07-01,1.386,1.412,-1.8413597733711096
159981,2026-07-02,1.366,1.3791,-0.9498948589659828
159981,2026-07-03,1.389,1.3894,-0.028789405498774734
159981,2026-07-06,1.393,1.4016,-0.6135844748858421
159981,2026-07-07,1.41,1.4083,0.12071291628203973
159981,2026-07-08,1.446,1.4375,0.5913043478260827
159981,2026-07-09,1.445,1.4564,-0.7827519912111947
159981,2026-07-10,1.431,1.4421,-0.7697108383607154
159981,2026-07-13,1.448,1.4562,-0.5631094629858557
159981,2026-07-14,1.508,1.4877,1.3645224171539905
159981,2026-07-15,1.499,1.503,-0.26613439787090964
159981,2026-07-16,1.487,1.4907,-0.2482055410209849
159981,2026-07-17,1.479,1.4881,-0.6115180431422562
159981,2026-07-20,1.545,1.53,0.9803921568627416
159981,2026-07-21,1.509,1.508,0.06631299734747298
159981,2026-07-22,1.532,1.5243,0.5051499048743802
159981,2026-07-23,1.544,1.5366,0.4815827150852492
159981,2026-07-24,1.532,1.5466,-0.9440062071640942
159981,2026-07-27,1.461,1.4916,-2.0514883346741675
159981,2026-07-28,1.459,1.4679,-0.606308331630212
159981,2026-07-29,1.481,1.4797,0.08785564641482502
159981,2026-07-30,1.502,1.4943,0.5152914408084186
159981,2026-07-31,1.485,1.4895,-0.30211480362537513
159981,2026-08-03,1.488,1.491,-0.201207243460777
159981,2026-08-04,1.496,1.5033,-0.4855983502960237
159981,2026-08-05,1.46,1.4714,-0.7747723256762318
159981,2026-08-06,1.451,1.4462,0.33190430092657763
159981,2026-08-07,1.466,1.4647,0.08875537652761611
159981,2026-08-10,1.466,1.4694,-0.23138696066422604
159981,2026-08-11,1.51,1.4867,1.5672294343176185
159981,2026-08-12,1.495,1.4936,0.09373326191752795
159981,2026-08-13,1.502,1.4982,0.2536376985716293
159981,2026-08-14,1.52,1.5055,0.9631351710395197
159981,2026-08-17,1.546,1.5382,0.507086204654783
159981,2026-08-18,1.563,1.5595,0.22443090734207694
159981,2026-08-19,1.567,1.5729,-0.37510331235297567
159981,2026-08-20,1.564,1.5612,0.1793492185498513
159981,2026-08-21,1.583,1.5759,0.450536201535634
159981,2026-08-24,1.577,1.5719,0.3244481201094107
159981,2026-08-25,1.586,1.5981,-0.757149114573552
159981,2026-08-26,1.508,1.5396,-2.052481163938691
159981,2026-08-27,1.52,1.5268,-0.44537594969871197
159981,2026-08-28,1.551,1.5416,0.6097560975609762
159981,2026-08-31,1.63,1.588,2.644836272040285
159981,2026-09-01,1.652,1.6424,0.5845104724792938
159981,2026-09-02,1.687,1.6867,0.017786209758696714
159981,2026-09-03,1.664,1.6876,-1.3984356482578897
159981,2026-09-04,1.672,1.6809,-0.5294782556963584
159981,2026-09-07,1.679,1.6719,0.4246665470422961
159981,2026-09-08,1.748,1.7061,2.455893558408073
159981,2026-09-09,1.756,1.7353,1.192877312280305
159981,2026-09-10,1.769,1.7763,-0.41096661599955286
159981,2026-09-11,1.759,1.7813,-1.251894683658017
159981,2026-09-14,1.778,1.7856,-0.42562724014336695
159981,2026-09-15,1.787,1.7836,0.19062570082977182
159981,2026-09-16,1.821,1.8016,1.0768206039076356
159981,2026-09-17,1.772,1.7975,-1.418636995827538
159981,2026-09-18,1.742,1.7578,-0.8988508362726133
159981,2026-09-21,1.748,1.7462,0.10308097583324738
159981,2026-09-22,1.743,1.74,0.17241379310346527
159985,2019-09-24,,1.0,
159985,2019-09-27,,1.0004,
159985,2019-09-30,,1.0012,
159985,2019-10-11,,1.0057,
159985,2019-10-18,,1.0086,
159985,2019-10-25,,1.0155,
159985,2019-11-01,,1.0002,
159985,2019-11-08,,0.9981,
159985,2019-11-15,,0.9844,
159985,2019-11-22,,0.9832,
159985,2019-11-28,,0.9832,
159985,2019-11-29,,0.9837,
159985,2019-12-04,,0.9826,
159985,2019-12-05,0.986,0.9796,0.6533278889342631
159985,2019-12-06,0.984,0.9851,-0.11166379047812258
159985,2019-12-09,0.988,0.9868,0.1216051884880498
159985,2019-12-10,0.987,0.9868,0.020267531414663864
159985,2019-12-11,0.992,0.9906,0.14132848778518614
159985,2019-12-12,0.985,0.9878,-0.28345818991698524
159985,2019-12-13,0.975,0.9779,-0.29655383986092465
159985,2019-12-16,0.983,0.9802,0.28565598857375196
159985,2019-12-17,0.983,0.9818,0.12222448563861121
159985,2019-12-18,0.986,0.984,0.20325203252031798
159985,2019-12-19,0.977,0.9808,-0.3874388254486161
159985,2019-12-20,0.977,0.9769,0.010236462278645497
159985,2019-12-23,0.98,0.9788,0.1225991009399241
159985,2019-12-24,0.981,0.9827,-0.172992775007641
159985,2019-12-25,0.977,0.9777,-0.07159660427534797
159985,2019-12-26,0.976,0.9745,0.15392508978961938
159985,2019-12-27,0.976,0.9756,0.041000410004099486
159985,2019-12-30,0.988,0.9821,0.6007534874248988
159985,2019-12-31,0.989,0.9886,0.04046125834513692
159985,2020-01-02,0.988,0.989,-0.10111223458038054
159985,2020-01-03,0.984,0.989,-0.5055611729019249
159985,2020-01-06,0.978,0.9784,-0.04088307440720529
159985,2020-01-07,0.978,0.9781,-0.010223903486350494
159985,2020-01-08,0.975,0.9731,0.19525228650703053
159985,2020-01-09,0.97,0.9689,0.11353080813292227
159985,2020-01-10,0.956,0.9598,-0.39591581579495605
159985,2020-01-13,0.948,0.9507,-0.28400126222783983
159985,2020-01-14,0.95,0.9482,0.18983336848765742
159985,2020-01-15,0.962,0.9546,0.7751937984496138
159985,2020-01-16,0.959,0.9565,0.2613695765812718
159985,2020-01-17,0.957,0.9544,0.2724224643755102
159985,2020-01-20,0.957,0.9566,0.041814760610492385
159985,2020-01-21,0.966,0.9613,0.4889212524705977
159985,2020-01-22,0.954,0.9556,-0.1674340728338275
159985,2020-01-23,0.944,0.9489,-0.5163873959321386
159985,2020-02-03,0.919,0.9171,0.20717479009921824
159985,2020-02-04,0.946,0.9378,0.8743868628705576
159985,2020-02-05,0.942,0.941,0.10626992561104665
159985,2020-02-06,0.943,0.9382,0.5116179918993824
159985,2020-02-07,0.94,0.9407,-0.07441267141490293
159985,2020-02-10,0.95,0.9469,0.3273840954694185
159985,2020-02-11,0.948,0.9469,0.11616855000526893
159985,2020-02-12,0.944,0.9459,-0.2008668992493967
159985,2020-02-13,0.959,0.953,0.6295907660021083
159985,2020-02-14,0.954,0.9534,0.06293266205159576
159985,2020-02-17,0.958,0.956,0.20920502092049986
159985,2020-02-18,0.95,0.9496,0.04212299915753448
159985,2020-02-19,0.951,0.9486,0.25300442757747454
159985,2020-02-20,0.951,0.9515,-0.05254860746191081
159985,2020-02-21,0.951,0.9526,-0.1679613688851611
159985,2020-02-24,0.937,0.9397,-0.2873257422581599
159985,2020-02-25,0.942,0.9358,0.6625347296430828
159985,2020-02-26,0.943,0.94,0.31914893617022155
159985,2020-02-27,0.945,0.9478,-0.2954209748892156
159985,2020-02-28,0.933,0.9431,-1.0709362739900308
159985,2020-03-02,0.971,0.9592,1.2301918265220868
159985,2020-03-03,0.968,0.9693,-0.13411740431239494
159985,2020-03-04,0.968,0.968,0.0
159985,2020-03-05,0.969,0.9673,0.17574692442881013
159985,2020-03-06,0.964,0.9618,0.22873778332292982
159985,2020-03-09,0.948,0.9487,-0.07378517971962095
159985,2020-03-10,0.957,0.9546,0.25141420490257804
159985,2020-03-11,0.95,0.9539,-0.40884788761924584
159985,2020-03-12,0.946,0.9456,0.04230118443315778
159985,2020-03-13,0.959,0.9498,0.9686249736786667
159985,2020-03-16,0.959,0.9645,-0.5702436495593655
159985,2020-03-17,0.96,0.9583,0.17739747469476264
159985,2020-03-18,0.958,0.9614,-0.3536509257333176
159985,2020-03-19,0.949,0.9517,-0.28370284753599373
159985,2020-03-20,0.977,0.974,0.30800821355236874
159985,2020-03-23,1.029,1.0078,2.1035919825362015
159985,2020-03-24,1.015,1.0133,0.16776867660117656
159985,2020-03-25,1.032,1.0273,0.4575099776112035
159985,2020-03-26,1.005,1.0134,-0.8288928359976522
159985,2020-03-27,1.017,1.0173,-0.029489826010042908
159985,2020-03-30,1.026,1.0344,-0.8120649651972123
159985,2020-03-31,1.023,1.0205,0.24497795198432648
159985,2020-04-01,0.993,1.0028,-0.9772636617470964
159985,2020-04-02,0.989,0.9879,0.11134730235853318
159985,2020-04-03,0.976,0.9782,-0.22490288284604532
159985,2020-04-07,0.979,0.9773,0.1739486339916052
159985,2020-04-08,0.981,0.9776,0.34779050736497563
159985,2020-04-09,0.982,0.9808,0.12234910277324484
159985,2020-04-10,0.983,0.985,-0.20304568527919065
159985,2020-04-13,0.976,0.982,-0.6109979633401208
159985,2020-04-14,0.976,0.9726,0.349578449516752
159985,2020-04-15,0.977,0.9768,0.020475020475019257
159985,2020-04-16,0.962,0.9678,-0.5992973754908038
159985,2020-04-17,0.961,0.9626,-0.16621649698732588
159985,2020-04-20,0.951,0.9533,-0.24126717717403157
159985,2020-04-21,0.95,0.9481,0.2004008016031955
159985,2020-04-22,0.96,0.9565,0.3659174072137894
159985,2020-04-23,0.963,0.9621,0.093545369504211
159985,2020-04-24,0.959,0.9604,-0.1457725947521915
159985,2020-04-27,0.965,0.9618,0.33270950301518276
159985,2020-04-28,0.951,0.9567,-0.5957980558168763
159985,2020-04-29,0.947,0.9473,-0.031668953868901895
159985,2020-04-30,0.949,0.948,0.10548523206750371
159985,2020-05-06,0.957,0.9554,0.16746912288045923
159985,2020-05-07,0.956,0.9582,-0.22959716134419716
159985,2020-05-08,0.956,0.9579,-0.198350558513416
159985,2020-05-11,0.95,0.9587,-0.9074788776468168
159985,2020-05-12,0.95,0.9511,-0.11565555672379269
159985,2020-05-13,0.946,0.9504,-0.462962962962965
159985,2020-05-14,0.935,0.9407,-0.6059317529499286
159985,2020-05-15,0.937,0.9407,-0.3933241203359139
159985,2020-05-18,0.952,0.9495,0.263296471827279
159985,2020-05-19,0.95,0.952,-0.21008403361344463
159985,2020-05-20,0.956,0.9555,0.05232862375719183
159985,2020-05-21,0.95,0.9569,-0.7210784826000682
159985,2020-05-22,0.958,0.9566,0.14635166213672335
159985,2020-05-25,0.967,0.9675,-0.05167958656331351
159985,2020-05-26,0.969,0.9689,0.010320982557532332
159985,2020-05-27,0.98,0.979,0.10214504596526286
159985,2020-05-28,0.969,0.9797,-1.0921710727773815
159985,2020-05-29,0.973,0.9724,0.061703002879465174
159985,2020-06-01,0.968,0.9743,-0.6466180847788272
159985,2020-06-02,0.966,0.9733,-0.750025685811162
159985,2020-06-03,0.973,0.9743,-0.13342912860515588
159985,2020-06-04,0.985,0.9838,0.12197601138441705
159985,2020-06-05,0.987,0.9918,-0.4839685420447659
159985,2020-06-08,0.976,0.9846,-0.8734511476741869
159985,2020-06-09,0.979,0.9797,-0.07145044401347667
159985,2020-06-10,0.979,0.9787,0.030652906917327805
159985,2020-06-11,0.972,0.9788,-0.694728238659581
159985,2020-06-12,0.984,0.9826,0.14247913698350878
159985,2020-06-15,0.975,0.9831,-0.8239243210253266
159985,2020-06-16,0.983,0.9841,-0.11177725840869623
159985,2020-06-17,0.979,0.9807,-0.17334556949117896
159985,2020-06-18,0.979,0.98,-0.10204081632653184
159985,2020-06-19,0.976,0.9783,-0.2351017070428285
159985,2020-06-22,0.981,0.9854,-0.4465191800284263
159985,2020-06-23,0.978,0.9865,-0.8616320324379201
159985,2020-06-24,0.979,0.9809,-0.19369966357426494
159985,2020-06-29,0.974,0.9765,-0.2560163850486519
159985,2020-06-30,0.976,0.9801,-0.4183246607489033
159985,2020-07-01,1.002,0.9978,0.42092603728201006
159985,2020-07-02,1.006,1.0094,-0.3368337626312723
159985,2020-07-03,1.006,1.0101,-0.40590040590040566
159985,2020-07-06,1.014,1.0172,-0.3145890680298913
159985,2020-07-07,1.008,1.0186,-1.0406440212055723
159985,2020-07-08,1.004,1.011,-0.6923837784371778
159985,2020-07-09,1.006,1.012,-0.5928853754940677
159985,2020-07-10,1.011,1.0173,-0.6192863462105791
159985,2020-07-13,1.0,1.0059,-0.5865394174371263
159985,2020-07-14,0.998,0.9997,-0.17005101530459532
159985,2020-07-15,0.999,1.0007,-0.16988108324171858
159985,2020-07-16,1.006,1.0049,0.10946362822172873
159985,2020-07-17,1.01,1.0102,-0.019798059790143707
159985,2020-07-20,1.016,1.0134,0.2565620682849712
159985,2020-07-21,1.016,1.0242,-0.8006248779535263
159985,2020-07-22,1.02,1.017,0.2949852507374784
159985,2020-07-23,1.029,1.0273,0.16548233232744902
159985,2020-07-24,1.046,1.0371,0.8581621830103359
159985,2020-07-27,1.051,1.0518,-0.07606008746910975
159985,2020-07-28,1.021,1.0363,-1.476406446009848
159985,2020-07-29,1.026,1.026,0.0
159985,2020-07-30,1.021,1.0225,-0.14669926650366927
159985,2020-07-31,1.025,1.0215,0.34263338228093243
159985,2020-08-03,1.027,1.0261,0.08771074943960677
159985,2020-08-04,1.021,1.0251,-0.399960979416647
159985,2020-08-05,1.01,1.0126,-0.2567647639739268
159985,2020-08-06,1.004,1.0032,0.07974481658692412
159985,2020-08-07,1.003,1.0032,-0.019936204146753234
159985,2020-08-10,1.0,0.9977,0.2305302195048542
159985,2020-08-11,0.997,0.9988,-0.18021625951141207
159985,2020-08-12,0.995,0.9953,-0.03014166582939737
159985,2020-08-13,1.006,1.0006,0.5396761942834338
159985,2020-08-14,1.011,1.0121,-0.10868491255805468
159985,2020-08-17,1.014,1.0122,0.1778304682868992
159985,2020-08-18,1.016,1.0196,-0.35307963907414974
159985,2020-08-19,1.014,1.0123,0.16793440679641058
159985,2020-08-20,1.014,1.0151,-0.1083637080090516
159985,2020-08-21,1.008,1.0054,0.2586035408792542
159985,2020-08-24,1.005,1.0062,-0.11926058437686793
159985,2020-08-25,1.017,1.0177,-0.06878254888474933
159985,2020-08-26,1.026,1.0244,0.15618898867630904
159985,2020-08-27,1.022,1.0206,0.137174211248281
159985,2020-08-28,1.024,1.0283,-0.41816590489156535
159985,2020-08-31,1.041,1.0381,0.27935651671322503
159985,2020-09-01,1.029,1.0291,-0.009717228646388687
159985,2020-09-02,1.028,1.0274,0.05839984426707634
159985,2020-09-03,1.023,1.0278,-0.4670169293637061
159985,2020-09-04,1.042,1.0299,1.1748713467326866
159985,2020-09-07,1.046,1.0436,0.2299731697968488
159985,2020-09-08,1.049,1.0468,0.21016431027893745
159985,2020-09-09,1.04,1.0402,-0.01922707171697624
159985,2020-09-10,1.047,1.0489,-0.18114214891791214
159985,2020-09-11,1.069,1.0601,0.8395434392981738
159985,2020-09-14,1.087,1.0871,-0.009198785760278216
159985,2020-09-15,1.09,1.0896,0.036710719530108626
159985,2020-09-16,1.07,1.0743,-0.4002606348319837
159985,2020-09-17,1.072,1.0799,-0.7315492175201443
159985,2020-09-18,1.104,1.0949,0.8311261302402118
159985,2020-09-21,1.094,1.0978,-0.3461468391328104
159985,2020-09-22,1.081,1.0874,-0.5885598675740233
159985,2020-09-23,1.076,1.085,-0.8294930875575979
159985,2020-09-24,1.077,1.0829,-0.5448333179425613
159985,2020-09-25,1.072,1.077,-0.46425255338903293
159985,2020-09-28,1.081,1.0806,0.0370164723301869
159985,2020-09-29,1.072,1.0757,-0.3439620712094471
159985,2020-09-30,1.078,1.0758,0.2044989775051187
159985,2020-10-09,1.14,1.1372,0.24621878297572675
159985,2020-10-12,1.149,1.1446,0.38441376900226754
159985,2020-10-13,1.129,1.1331,-0.36183920218868515
159985,2020-10-14,1.127,1.1297,-0.23900150482428772
159985,2020-10-15,1.127,1.1311,-0.3624790027406899
159985,2020-10-16,1.144,1.1343,0.8551529577712991
159985,2020-10-19,1.143,1.1414,0.14017872787803753
159985,2020-10-20,1.146,1.1449,0.09607826011004406
159985,2020-10-21,1.145,1.1516,-0.5731156651615055
159985,2020-10-22,1.145,1.1492,-0.36547163243996206
159985,2020-10-23,1.131,1.1416,-0.92852137351086
159985,2020-10-26,1.139,1.141,-0.17528483786152238
159985,2020-10-27,1.135,1.1375,-0.219780219780219
159985,2020-10-28,1.13,1.1351,-0.4492996211787559
159985,2020-10-29,1.119,1.1205,-0.1338688085676054
159985,2020-10-30,1.117,1.1188,-0.16088666428316634
159985,2020-11-02,1.107,1.1178,-0.9661835748792202
159985,2020-11-03,1.113,1.1162,-0.28668697366064366
159985,2020-11-04,1.122,1.1234,-0.12462168417303188
159985,2020-11-05,1.145,1.1445,0.043687199650488395
159985,2020-11-06,1.145,1.1556,-0.9172724125995124
159985,2020-11-09,1.133,1.1414,-0.7359383213597304
159985,2020-11-10,1.137,1.1389,-0.16682764070594658
159985,2020-11-11,1.173,1.1652,0.6694129763130885
159985,2020-11-12,1.162,1.1693,-0.6243051398272526
159985,2020-11-13,1.153,1.1576,-0.3973738769868618
159985,2020-11-16,1.149,1.1559,-0.5969374513366099
159985,2020-11-17,1.158,1.1526,0.4685059864653729
159985,2020-11-18,1.158,1.1614,-0.2927501291544732
159985,2020-11-19,1.162,1.1626,-0.051608463788077596
159985,2020-11-20,1.177,1.1674,0.8223402432756544
159985,2020-11-23,1.192,1.1898,0.18490502605479353
159985,2020-11-24,1.186,1.1883,-0.19355381637633506
159985,2020-11-25,1.181,1.1825,-0.1268498942917584
159985,2020-11-26,1.18,1.1785,0.12728044123884175
159985,2020-11-27,1.175,1.1768,-0.152957171991841
159985,2020-11-30,1.181,1.1776,0.2887228260869623
159985,2020-12-01,1.158,1.167,-0.7712082262210873
159985,2020-12-02,1.14,1.1506,-0.9212584738397478
159985,2020-12-03,1.134,1.1324,0.14129282938888377
159985,2020-12-04,1.142,1.1353,0.590152382630138
159985,2020-12-07,1.138,1.1343,0.3261923653354426
159985,2020-12-08,1.13,1.1358,-0.5106532840288835
159985,2020-12-09,1.131,1.1318,-0.07068386640748381
159985,2020-12-10,1.15,1.1432,0.5948215535339418
159985,2020-12-11,1.131,1.1403,-0.8155748487240322
159985,2020-12-14,1.137,1.1349,0.18503832936822562
159985,2020-12-15,1.134,1.1328,0.10593220338981357
159985,2020-12-16,1.149,1.1463,0.23554043444122819
159985,2020-12-17,1.149,1.1529,-0.3382773874577194
159985,2020-12-18,1.165,1.1599,0.4396930769894114
159985,2020-12-21,1.201,1.1845,1.3929928239763578
159985,2020-12-22,1.211,1.2108,0.01651800462503239
159985,2020-12-23,1.213,1.2175,-0.3696098562628314
159985,2020-12-24,1.205,1.216,-0.9046052631578871
159985,2020-12-25,1.206,1.2062,-0.016580998176085604
159985,2020-12-28,1.205,1.2151,-0.8312073080404936
159985,2020-12-29,1.196,1.2023,-0.5239956749563346
159985,2020-12-30,1.229,1.2221,0.5646019147369286
159985,2020-12-31,1.271,1.2532,1.4203638684966435
159985,2021-01-04,1.277,1.2803,-0.25775208935406857
159985,2021-01-05,1.279,1.2698,0.7245235470152656
159985,2021-01-06,1.29,1.2866,0.26426239701540233
159985,2021-01-07,1.286,1.2896,-0.27915632754342834
159985,2021-01-08,1.291,1.2849,0.47474511635146044
159985,2021-01-11,1.322,1.3139,0.6164852728518078
159985,2021-01-12,1.326,1.3279,-0.14308306348369548
159985,2021-01-13,1.385,1.3659,1.3983454132806328
159985,2021-01-14,1.37,1.3682,0.13155971349219087
159985,2021-01-15,1.364,1.3682,-0.3069726648150861
159985,2021-01-18,1.34,1.3515,-0.8509064002959588
159985,2021-01-19,1.337,1.3446,-0.5652238583965574
159985,2021-01-20,1.296,1.3059,-0.7580978635423841
159985,2021-01-21,1.306,1.3011,0.376604411651682
159985,2021-01-22,1.274,1.2884,-1.1176653213287757
159985,2021-01-25,1.253,1.2622,-0.7288860719378953
159985,2021-01-26,1.257,1.2629,-0.46717871565444824
159985,2021-01-27,1.291,1.2816,0.7334581772783899
159985,2021-01-28,1.275,1.2817,-0.5227432316454839
159985,2021-01-29,1.276,1.2737,0.18057627384784336
159985,2021-02-01,1.275,1.2734,0.12564787183915183
159985,2021-02-02,1.25,1.2632,-1.0449651678277494
159985,2021-02-03,1.248,1.2406,0.5964855714976736
159985,2021-02-04,1.276,1.2633,1.005303570015026
159985,2021-02-05,1.29,1.2823,0.6004835061997893
159985,2021-02-08,1.267,1.2781,-0.8684766450199555
159985,2021-02-09,1.289,1.2821,0.5381795491771202
159985,2021-02-10,1.272,1.2778,-0.45390514947566407
159985,2021-02-18,1.279,1.2788,0.01563966218329771
159985,2021-02-19,1.267,1.2719,-0.38525041276831207
159985,2021-02-22,1.285,1.2833,0.13247097327202528
159985,2021-02-23,1.318,1.2932,1.917723476647093
159985,2021-02-24,1.317,1.3149,0.15970796258271136
159985,2021-02-25,1.311,1.3208,-0.741974560872205
159985,2021-02-26,1.255,1.2779,-1.7920025041083143
159985,2021-03-01,1.256,1.2593,-0.2620503454300094
159985,2021-03-02,1.226,1.2455,-1.5656362906463328
159985,2021-03-03,1.246,1.2448,0.0964010282776373
159985,2021-03-04,1.227,1.2353,-0.6719015623735114
159985,2021-03-05,1.23,1.2291,0.07322431047107614
159985,2021-03-08,1.253,1.2475,0.44088176352703456
159985,2021-03-09,1.229,1.2373,-0.6708154853309556
159985,2021-03-10,1.196,1.2164,-1.6770799079250276
159985,2021-03-11,1.172,1.1736,-0.13633265167007913
159985,2021-03-12,1.172,1.1773,-0.45018262125202657
159985,2021-03-15,1.177,1.1729,0.34956091738425066
159985,2021-03-16,1.183,1.1811,0.16086698840065417
159985,2021-03-17,1.195,1.1977,-0.22543207814977873
159985,2021-03-18,1.19,1.1942,-0.3516998827667095
159985,2021-03-19,1.191,1.1907,0.02519526329050059
159985,2021-03-22,1.205,1.2041,0.07474462253966863
159985,2021-03-23,1.195,1.193,0.16764459346185756
159985,2021-03-24,1.212,1.2059,0.5058462559084598
159985,2021-03-25,1.213,1.2199,-0.5656201327977617
159985,2021-03-26,1.23,1.2239,0.4984067325761954
159985,2021-03-29,1.214,1.2219,-0.6465340862591096
159985,2021-03-30,1.214,1.214,0.0
159985,2021-03-31,1.208,1.213,-0.41220115416323866
159985,2021-04-01,1.26,1.2603,-0.02380385622470227
159985,2021-04-02,1.251,1.2575,-0.5168986083499139
159985,2021-04-06,1.249,1.2537,-0.3748903246390656
159985,2021-04-07,1.268,1.2591,0.706854102136445
159985,2021-04-08,1.259,1.2606,-0.12692368713311808
159985,2021-04-09,1.263,1.2621,0.07130972189208773
159985,2021-04-12,1.235,1.2539,-1.507297232634175
159985,2021-04-13,1.232,1.2339,-0.15398330496798618
159985,2021-04-14,1.226,1.23,-0.3252032520325243
159985,2021-04-15,1.244,1.2383,0.46030848744247344
159985,2021-04-16,1.261,1.2552,0.46207775653279715
159985,2021-04-19,1.26,1.2635,-0.27700831024931594
159985,2021-04-20,1.28,1.2775,0.1956947162426559
159985,2021-04-21,1.284,1.2833,0.05454687134729408
159985,2021-04-22,1.302,1.2927,0.7194244604316724
159985,2021-04-23,1.308,1.3045,0.268302031429668
159985,2021-04-26,1.312,1.3086,0.25981965459269674
159985,2021-04-27,1.325,1.3183,0.5082302965941032
159985,2021-04-28,1.296,1.3001,-0.31536035689562203
159985,2021-04-29,1.284,1.2937,-0.7497874313983188
159985,2021-04-30,1.274,1.2848,-0.8405977584059698
159985,2021-05-06,1.313,1.3151,-0.1596836742453034
159985,2021-05-07,1.33,1.3341,-0.30732328910876294
159985,2021-05-10,1.321,1.3217,-0.052962094272535065
159985,2021-05-11,1.315,1.3174,-0.18217701533322916
159985,2021-05-12,1.354,1.3472,0.5047505938242436
159985,2021-05-13,1.322,1.3279,-0.44431056555463977
159985,2021-05-14,1.29,1.2971,-0.5473749132680505
159985,2021-05-17,1.3,1.2908,0.712736287573601
159985,2021-05-18,1.298,1.2984,-0.030807147258160583
159985,2021-05-19,1.279,1.2866,-0.590704181563817
159985,2021-05-20,1.278,1.2719,0.4795974526299318
159985,2021-05-21,1.264,1.2691,-0.4018595855330487
159985,2021-05-24,1.266,1.2613,0.372631412035207
159985,2021-05-25,1.271,1.2692,0.14182161991804776
159985,2021-05-26,1.26,1.261,-0.07930214115779988
159985,2021-05-27,1.248,1.2507,-0.2158791076996791
159985,2021-05-28,1.266,1.2661,-0.00789827027880552
159985,2021-05-31,1.263,1.2659,-0.22908602575243409
159985,2021-06-01,1.268,1.2731,-0.40059696803078637
159985,2021-06-02,1.279,1.2824,-0.2651278852152217
159985,2021-06-03,1.289,1.2817,0.5695560583599768
159985,2021-06-04,1.269,1.2746,-0.4393535226737799
159985,2021-06-07,1.3,1.2923,0.5958368799814373
159985,2021-06-08,1.299,1.2977,0.10017723664943468
159985,2021-06-09,1.298,1.3031,-0.39137441485687097
159985,2021-06-10,1.299,1.2988,0.015398829688950677
159985,2021-06-11,1.305,1.3071,-0.1606610052788615
159985,2021-06-15,1.252,1.2603,-0.6585733555502626
159985,2021-06-16,1.244,1.2514,-0.5913377017740196
159985,2021-06-17,1.236,1.2432,-0.5791505791505891
159985,2021-06-18,1.21,1.2149,-0.4033253765742151
159985,2021-06-21,1.217,1.2208,-0.31127129750982974
159985,2021-06-22,1.218,1.2215,-0.2865329512893977
159985,2021-06-23,1.214,1.219,-0.41017227235440323
159985,2021-06-24,1.218,1.2155,0.20567667626489872
159985,2021-06-25,1.221,1.2134,0.6263392121311995
159985,2021-06-28,1.239,1.2242,1.2089527854925786
159985,2021-06-29,1.243,1.2415,0.1208215867901874
159985,2021-06-30,1.253,1.2472,0.4650416933931867
159985,2021-07-01,1.306,1.2888,1.334574798261956
159985,2021-07-02,1.329,1.3233,0.4307413284969419
159985,2021-07-05,1.312,1.3159,-0.29637510449121995
159985,2021-07-06,1.303,1.3095,-0.49637266132113167
159985,2021-07-07,1.281,1.2833,-0.17922543442688843
159985,2021-07-08,1.285,1.2816,0.2652933832709037
159985,2021-07-09,1.285,1.2877,-0.20967616680904744
159985,2021-07-12,1.286,1.2878,-0.13977325671687968
159985,2021-07-13,1.295,1.2965,-0.11569610489781113
159985,2021-07-14,1.299,1.3001,-0.08460887624029967
159985,2021-07-15,1.311,1.3141,-0.23590289932273745
159985,2021-07-16,1.312,1.3141,-0.159805189863782
159985,2021-07-19,1.33,1.3379,-0.5904776141714696
159985,2021-07-20,1.326,1.3251,0.06791940230927995
159985,2021-07-21,1.317,1.3272,-0.7685352622061492
159985,2021-07-22,1.298,1.3133,-1.1650041879235462
159985,2021-07-23,1.286,1.2876,-0.12426219322770882
159985,2021-07-26,1.256,1.2694,-1.0556168268473387
159985,2021-07-27,1.269,1.2673,0.13414345458848675
159985,2021-07-28,1.274,1.2827,-0.6782568020581525
159985,2021-07-29,1.3,1.2917,0.6425640628628937
159985,2021-07-30,1.311,1.3061,0.37516269810886627
159985,2021-08-02,1.306,1.2984,0.5853357979051177
159985,2021-08-03,1.302,1.3016,0.030731407498452157
159985,2021-08-04,1.29,1.2902,-0.015501472639900538
159985,2021-08-05,1.278,1.2866,-0.6684284159800935
159985,2021-08-06,1.285,1.2883,-0.2561515175036888
159985,2021-08-09,1.3,1.2974,0.2004008016031955
159985,2021-08-10,1.306,1.3036,0.18410555385086624
159985,2021-08-11,1.304,1.3055,-0.11489850631942744
159985,2021-08-12,1.281,1.2931,-0.9357358286288808
159985,2021-08-13,1.311,1.2943,1.290272734296516
159985,2021-08-16,1.324,1.3217,0.17401830975258825
159985,2021-08-17,1.325,1.3243,0.052858113720444244
159985,2021-08-18,1.312,1.3152,-0.24330900243307862
159985,2021-08-19,1.292,1.3029,-0.8365952874357152
159985,2021-08-20,1.286,1.2869,-0.0699355039241456
159985,2021-08-23,1.271,1.2753,-0.33717556653337644
159985,2021-08-24,1.275,1.2703,0.36999134062818406
159985,2021-08-25,1.279,1.278,0.07824726134584292
159985,2021-08-26,1.279,1.2791,-0.007817997029158086
159985,2021-08-27,1.274,1.2773,-0.25835747279417953
159985,2021-08-30,1.283,1.284,-0.07788161993770304
159985,2021-08-31,1.279,1.2774,0.12525442304680556
159985,2021-09-01,1.271,1.2742,-0.2511379689216886
159985,2021-09-02,1.274,1.2706,0.26759011490635753
159985,2021-09-03,1.271,1.2746,-0.28244155029029105
159985,2021-09-06,1.268,1.2686,-0.047296232066840194
159985,2021-09-07,1.283,1.2784,0.3598247809762256
159985,2021-09-08,1.27,1.2785,-0.6648416112632005
159985,2021-09-09,1.264,1.2672,-0.2525252525252597
159985,2021-09-10,1.27,1.2672,0.22095959595958004
159985,2021-09-13,1.281,1.2856,-0.35780958307406463
159985,2021-09-14,1.291,1.2881,0.22513779986024218
159985,2021-09-15,1.285,1.29,-0.387596899224818
159985,2021-09-16,1.291,1.2886,0.18624864193699242
159985,2021-09-17,1.301,1.3021,-0.08447891866985024
159985,2021-09-22,1.286,1.2921,-0.47209968268709934
159985,2021-09-23,1.288,1.2939,-0.4559857794265376
159985,2021-09-24,1.274,1.2867,-0.987021061630522
159985,2021-09-27,1.284,1.2828,0.093545369504211
159985,2021-09-28,1.271,1.2836,-0.9816142100342873
159985,2021-09-29,1.267,1.2701,-0.24407526966381266
159985,2021-09-30,1.261,1.2672,-0.4892676767676907
159985,2021-10-08,1.223,1.2242,-0.09802319882371568
159985,2021-10-11,1.214,1.2181,-0.33658977095476494
159985,2021-10-12,1.204,1.2043,-0.024910736527439248
159985,2021-10-13,1.183,1.1901,-0.5965885219729294
159985,2021-10-14,1.193,1.1803,1.0759976277217698
159985,2021-10-15,1.193,1.1902,0.23525457906234948
159985,2021-10-18,1.182,1.187,-0.4212299915754114
159985,2021-10-19,1.179,1.1754,0.3062787136294043
159985,2021-10-20,1.187,1.186,0.0843170320404818
159985,2021-10-21,1.189,1.186,0.2529510961214232
159985,2021-10-22,1.196,1.1941,0.15911565195545485
159985,2021-10-25,1.199,1.2007,-0.1415840759556919
159985,2021-10-26,1.193,1.1928,0.016767270288386982
159985,2021-10-27,1.19,1.1866,0.2865329512893755
159985,2021-10-28,1.189,1.1895,-0.042034468263973945
159985,2021-10-29,1.181,1.1881,-0.5975927952192484
159985,2021-11-01,1.155,1.1678,-1.0960780955643012
159985,2021-11-02,1.151,1.154,-0.25996533795492605
159985,2021-11-03,1.144,1.1449,-0.07860948554460068
159985,2021-11-04,1.147,1.1427,0.37630174148945983
159985,2021-11-05,1.115,1.1275,-1.1086474501108556
159985,2021-11-08,1.128,1.1217,0.5616474993313636
159985,2021-11-09,1.13,1.1243,0.5069821222093651
159985,2021-11-10,1.143,1.1367,0.5542359461599311
159985,2021-11-11,1.154,1.1481,0.5138925180733445
159985,2021-11-12,1.154,1.1536,0.034674063800266275
159985,2021-11-15,1.156,1.1544,0.1386001386001201
159985,2021-11-16,1.166,1.1647,0.11161672533699374
159985,2021-11-17,1.162,1.1629,-0.07739272508385797
159985,2021-11-18,1.174,1.172,0.17064846416381396
159985,2021-11-19,1.174,1.1732,0.06818956699623513
159985,2021-11-22,1.167,1.166,0.08576329331047017
159985,2021-11-23,1.183,1.1795,0.29673590504450953
159985,2021-11-24,1.182,1.1855,-0.2952340784479146
159985,2021-11-25,1.171,1.1828,-0.99763273588096
159985,2021-11-26,1.171,1.1758,-0.4082326926347912
159985,2021-11-29,1.177,1.1702,0.5810972483336396
159985,2021-11-30,1.165,1.174,-0.7666098807495692
159985,2021-12-01,1.166,1.1641,0.16321621853792045
159985,2021-12-02,1.169,1.1649,0.351961541763246
159985,2021-12-03,1.187,1.1822,0.40602266959905986
159985,2021-12-06,1.18,1.1858,-0.48912126834205205
159985,2021-12-07,1.168,1.172,-0.34129692832765013
159985,2021-12-08,1.167,1.1632,0.3266850068775806
159985,2021-12-09,1.186,1.1797,0.5340340764601104
159985,2021-12-10,1.198,1.1936,0.3686327077747853
159985,2021-12-13,1.197,1.2025,-0.45738045738044075
159985,2021-12-14,1.178,1.1879,-0.8334034851418481
159985,2021-12-15,1.198,1.1972,0.06682258603407654
159985,2021-12-16,1.213,1.208,0.41390728476822236
159985,2021-12-17,1.219,1.2145,0.3705228489090384
159985,2021-12-20,1.211,1.2123,-0.1072341829580048
159985,2021-12-21,1.207,1.2143,-0.6011693980070731
159985,2021-12-22,1.218,1.2174,0.04928536224739766
159985,2021-12-23,1.245,1.2343,0.8668881147209095
159985,2021-12-24,1.252,1.2466,0.43317824482593803
159985,2021-12-27,1.239,1.2441,-0.4099348926935087
159985,2021-12-28,1.249,1.251,-0.15987210231812599
159985,2021-12-29,1.234,1.2395,-0.44372730939895577
159985,2021-12-30,1.24,1.2365,0.28305701577031606
159985,2021-12-31,1.221,1.2254,-0.35906642728904536
159985,2022-01-04,1.245,1.2467,-0.13635999037457935
159985,2022-01-05,1.262,1.2571,0.38978601543233626
159985,2022-01-06,1.232,1.2468,-1.187038819377606
159985,2022-01-07,1.234,1.2399,-0.4758448261956594
159985,2022-01-10,1.237,1.245,-0.6425702811244993
159985,2022-01-11,1.235,1.2439,-0.7154915990031263
159985,2022-01-12,1.241,1.2397,0.10486408001937342
159985,2022-01-13,1.242,1.2409,0.08864533806109964
159985,2022-01-14,1.223,1.2294,-0.5205791442980279
159985,2022-01-17,1.215,1.2188,-0.3117820807351568
159985,2022-01-18,1.209,1.2142,-0.4282655246252598
159985,2022-01-19,1.22,1.2112,0.7265521796565366
159985,2022-01-20,1.246,1.2373,0.7031439424553421
159985,2022-01-21,1.255,1.2511,0.3117256814003433
159985,2022-01-24,1.25,1.2536,-0.2871729419272495
159985,2022-01-25,1.246,1.2425,0.28169014084507005
159985,2022-01-26,1.245,1.249,-0.32025620496397567
159985,2022-01-27,1.284,1.2767,0.5717866374246094
159985,2022-01-28,1.294,1.2936,0.030921459492883052
159985,2022-02-07,1.409,1.3964,0.9023202520767715
159985,2022-02-08,1.418,1.4244,-0.44931199101376773
159985,2022-02-09,1.442,1.4314,0.7405337431884762
159985,2022-02-10,1.465,1.4571,0.5421728090041933
159985,2022-02-11,1.438,1.4602,-1.5203396794959634
159985,2022-02-14,1.43,1.4423,-0.8528045482909197
159985,2022-02-15,1.415,1.4167,-0.11999717653702335
159985,2022-02-16,1.42,1.4159,0.2895684723497327
159985,2022-02-17,1.45,1.4286,1.4979700405991725
159985,2022-02-18,1.452,1.4536,-0.11007154650523043
159985,2022-02-21,1.462,1.4556,0.43968123110744717
159985,2022-02-22,1.492,1.4775,0.9813874788494159
159985,2022-02-23,1.504,1.4864,1.1840688912809538
159985,2022-02-24,1.568,1.5332,2.2697625880511385
159985,2022-02-25,1.502,1.526,-1.572739187418093
159985,2022-02-28,1.484,1.4698,0.9661178391617842
159985,2022-03-01,1.504,1.494,0.6693440428380271
159985,2022-03-02,1.504,1.5047,-0.046520901176305696
159985,2022-03-03,1.502,1.4929,0.609551878893444
159985,2022-03-04,1.5,1.4999,0.006667111140745696
159985,2022-03-07,1.576,1.541,2.2712524334847606
159985,2022-03-08,1.6,1.5698,1.9238119505669449
159985,2022-03-09,1.624,1.6128,0.694444444444442
159985,2022-03-10,1.583,1.5887,-0.35878391137408316
159985,2022-03-11,1.61,1.6091,0.05593188739048127
159985,2022-03-14,1.624,1.6011,1.4302666916494955
159985,2022-03-15,1.581,1.6058,-1.5444015444015413
159985,2022-03-16,1.61,1.5871,1.4428832461722774
159985,2022-03-17,1.605,1.6109,-0.3662548885716044
159985,2022-03-18,1.641,1.6243,1.0281351967001084
159985,2022-03-21,1.646,1.6398,0.3780948896206837
159985,2022-03-22,1.697,1.6752,1.301337153772697
159985,2022-03-23,1.697,1.6844,0.7480408454048959
159985,2022-03-24,1.687,1.7029,-0.9337013330201427
159985,2022-03-25,1.674,1.6879,-0.8235085016884858
159985,2022-03-28,1.647,1.6608,-0.8309248554913329
159985,2022-03-29,1.629,1.6267,0.14139054527571027
159985,2022-03-30,1.583,1.5803,0.17085363538567044
159985,2022-03-31,1.59,1.5934,-0.21338019329734115
159985,2022-04-01,1.501,1.5417,-2.6399429201530933
159985,2022-04-06,1.517,1.5241,-0.4658486975920306
159985,2022-04-07,1.509,1.5123,-0.2182106724856192
159985,2022-04-08,1.526,1.5242,0.11809473822332883
159985,2022-04-11,1.554,1.55,0.2580645161290418
159985,2022-04-12,1.542,1.5409,0.07138685183984972
159985,2022-04-13,1.541,1.5445,-0.22661055357721116
159985,2022-04-14,1.547,1.5442,0.1813236627379755
159985,2022-04-15,1.547,1.545,0.12944983818770073
159985,2022-04-18,1.549,1.5511,-0.13538778931081463
159985,2022-04-19,1.588,1.5696,1.1722731906218087
159985,2022-04-20,1.607,1.5973,0.6072747761848074
159985,2022-04-21,1.632,1.6143,1.0964504738895986
159985,2022-04-22,1.607,1.6167,-0.5999876291210571
159985,2022-04-25,1.553,1.5865,-2.1115663410022134
159985,2022-04-26,1.566,1.5716,-0.3563247645711365
159985,2022-04-27,1.573,1.5807,-0.4871259568545616
159985,2022-04-28,1.603,1.5906,0.7795800326920732
159985,2022-04-29,1.607,1.5982,0.5506194468777315
159985,2022-05-05,1.597,1.589,0.5034612964128327
159985,2022-05-06,1.565,1.5902,-1.5847063262482752
159985,2022-05-09,1.537,1.5509,-0.8962537881230248
159985,2022-05-10,1.547,1.5403,0.4349801986625934
159985,2022-05-11,1.55,1.5506,-0.0386946988262582
159985,2022-05-12,1.55,1.5566,-0.42400102788127114
159985,2022-05-13,1.599,1.5862,0.8069600302609947
159985,2022-05-16,1.637,1.6215,0.9559050262103019
159985,2022-05-17,1.631,1.6302,0.049073733284243914
159985,2022-05-18,1.63,1.6362,-0.37892678156705717
159985,2022-05-19,1.624,1.6307,-0.41086649904947814
159985,2022-05-20,1.646,1.641,0.30469226081657474
159985,2022-05-23,1.653,1.657,-0.24140012070006378
159985,2022-05-24,1.616,1.6247,-0.5354834738721004
159985,2022-05-25,1.622,1.6184,0.22244191794364987
159985,2022-05-26,1.626,1.6117,0.8872618973754465
159985,2022-05-27,1.664,1.6481,0.9647472847521321
159985,2022-05-30,1.654,1.6545,-0.030220610456344055
159985,2022-05-31,1.662,1.6613,0.04213567687954001
159985,2022-06-01,1.632,1.6373,-0.32370365846210447
159985,2022-06-02,1.632,1.6334,-0.08571078731480775
159985,2022-06-06,1.637,1.6462,-0.558862835621432
159985,2022-06-07,1.623,1.6316,-0.5270899730326017
159985,2022-06-08,1.654,1.6415,0.7614986293024595
159985,2022-06-09,1.652,1.6633,-0.6793723321108724
159985,2022-06-10,1.681,1.6752,0.3462273161413565
159985,2022-06-13,1.642,1.6639,-1.3161848668790221
159985,2022-06-14,1.636,1.6327,0.20211918907331317
159985,2022-06-15,1.623,1.6277,-0.288750998341214
159985,2022-06-16,1.625,1.6265,-0.09222256378728089
159985,2022-06-17,1.65,1.6408,0.5607020965382681
159985,2022-06-20,1.629,1.6433,-0.8702002069007508
159985,2022-06-21,1.616,1.6228,-0.41902883904362254
159985,2022-06-22,1.589,1.6114,-1.390095569070371
159985,2022-06-23,1.517,1.5383,-1.384645387765726
159985,2022-06-24,1.494,1.4972,-0.21373230029388957
159985,2022-06-27,1.511,1.5045,0.43203722166833547
159985,2022-06-28,1.539,1.5286,0.6803611147455202
159985,2022-06-29,1.531,1.537,-0.39037085230969604
159985,2022-06-30,1.542,1.5426,-0.0388953714507978
159985,2022-07-01,1.527,1.5367,-0.6312227500488099
159985,2022-07-04,1.51,1.5091,0.05963819495062861
159985,2022-07-05,1.514,1.5159,-0.12533808298700322
159985,2022-07-06,1.499,1.4879,0.7460178775455351
159985,2022-07-07,1.531,1.5247,0.4131960385649558
159985,2022-07-08,1.541,1.55,-0.5806451612903274
159985,2022-07-11,1.578,1.5652,0.8177868642984976
159985,2022-07-12,1.571,1.5708,0.01273236567354008
159985,2022-07-13,1.543,1.5392,0.2468814968815014
159985,2022-07-14,1.563,1.5531,0.6374348078037384
159985,2022-07-15,1.543,1.5535,-0.6758931445124072
159985,2022-07-18,1.569,1.5548,0.9133007460766729
159985,2022-07-19,1.538,1.5632,-1.6120777891504567
159985,2022-07-20,1.504,1.511,-0.46326935804102964
159985,2022-07-21,1.509,1.5107,-0.11253061494671535
159985,2022-07-22,1.485,1.4937,-0.5824462743522774
159985,2022-07-25,1.497,1.5061,-0.6042095478387854
159985,2022-07-26,1.539,1.5283,0.7001243211411268
159985,2022-07-27,1.55,1.5485,0.09686793671295213
159985,2022-07-28,1.564,1.5711,-0.45191267264972357
159985,2022-07-29,1.572,1.5683,0.23592424918701393
159985,2022-08-01,1.579,1.5933,-0.8975083160735586
159985,2022-08-02,1.557,1.5618,-0.3073376872839151
159985,2022-08-03,1.557,1.5564,0.03855050115650904
159985,2022-08-04,1.546,1.5483,-0.1485500226054315
159985,2022-08-05,1.607,1.5865,1.2921525370311882
159985,2022-08-08,1.592,1.5914,0.03770265175317977
159985,2022-08-09,1.592,1.5949,-0.18182958179195907
159985,2022-08-10,1.607,1.6131,-0.37815386522843664
159985,2022-08-11,1.608,1.617,-0.5565862708719838
159985,2022-08-12,1.624,1.624,0.0
159985,2022-08-15,1.595,1.6099,-0.9255233244300998
159985,2022-08-16,1.589,1.5874,0.10079375078746455
159985,2022-08-17,1.583,1.5849,-0.11988138052874131
159985,2022-08-18,1.576,1.5836,-0.4799191715079476
159985,2022-08-19,1.594,1.5867,0.4600743681855368
159985,2022-08-22,1.6,1.5951,0.30719077173846365
159985,2022-08-23,1.668,1.6492,1.1399466407955305
159985,2022-08-24,1.686,1.6743,0.6987994982978085
159985,2022-08-25,1.656,1.6666,-0.6360254410176513
159985,2022-08-26,1.631,1.6398,-0.5366508110745127
159985,2022-08-29,1.639,1.6421,-0.18878265635465796
159985,2022-08-30,1.628,1.6326,-0.281759157172623
159985,2022-08-31,1.639,1.631,0.49049662783569037
159985,2022-09-01,1.631,1.6327,-0.10412200649231318
159985,2022-09-02,1.657,1.6389,1.1043992922081802
159985,2022-09-05,1.675,1.6663,0.5221148652703622
159985,2022-09-06,1.649,1.6615,-0.7523322299127222
159985,2022-09-07,1.661,1.6538,0.4353609868182451
159985,2022-09-08,1.661,1.6772,-0.9658955401860236
159985,2022-09-09,1.666,1.6643,0.10214504596526286
159985,2022-09-13,1.758,1.7549,0.17664824206509167
159985,2022-09-14,1.75,1.7554,-0.3076221943716595
159985,2022-09-15,1.726,1.7329,-0.3981764671937338
159985,2022-09-16,1.73,1.7308,-0.04622140050842827
159985,2022-09-19,1.735,1.7327,0.13274080914180697
159985,2022-09-20,1.743,1.738,0.28768699654775354
159985,2022-09-21,1.763,1.7467,0.9331882979332518
159985,2022-09-22,1.769,1.7636,0.3061918802449437
159985,2022-09-23,1.753,1.7597,-0.38074671819060546
159985,2022-09-26,1.741,1.7417,-0.040190618361368724
159985,2022-09-27,1.745,1.7478,-0.1602013960407267
159985,2022-09-28,1.762,1.7583,0.21043052948870322
159985,2022-09-29,1.8,1.7791,1.1747512787364522
159985,2022-09-30,1.774,1.78,-0.3370786516853963
159985,2022-10-10,1.779,1.784,-0.2802690582959677
159985,2022-10-11,1.755,1.7641,-0.5158437730287457
159985,2022-10-12,1.769,1.7564,0.7173764518332959
159985,2022-10-13,1.773,1.7738,-0.04510091329350541
159985,2022-10-14,1.805,1.789,0.8943543879262217
159985,2022-10-17,1.76,1.7839,-1.3397611973765322
159985,2022-10-18,1.737,1.7498,-0.7315121728197482
159985,2022-10-19,1.735,1.7325,0.14430014430015792
159985,2022-10-20,1.743,1.7399,0.17817115926204163
159985,2022-10-21,1.741,1.7573,-0.927559323962901
159985,2022-10-24,1.755,1.7523,0.15408320493066618
159985,2022-10-25,1.752,1.7527,-0.03993838078393264
159985,2022-10-26,1.778,1.7701,0.44630246878707425
159985,2022-10-27,1.769,1.7702,-0.06778895040109312
159985,2022-10-28,1.754,1.7633,-0.5274201780751997
159985,2022-10-31,1.783,1.7686,0.814203324663576
159985,2022-11-01,1.834,1.8189,0.8301720820276026
159985,2022-11-02,1.827,1.8414,-0.782013685239491
159985,2022-11-03,1.825,1.8212,0.20865363496596068
159985,2022-11-04,1.823,1.8182,0.2639973600264023
159985,2022-11-07,1.833,1.8222,0.5926901547579799
159985,2022-11-08,1.847,1.8435,0.18985625169514186
159985,2022-11-09,1.849,1.8431,0.32011285334490047
159985,2022-11-10,1.868,1.8601,0.42470834901349175
159985,2022-11-11,1.838,1.845,-0.3794037940379358
159985,2022-11-14,1.807,1.82,-0.7142857142857229
159985,2022-11-15,1.804,1.8045,-0.02770850651149237
159985,2022-11-16,1.813,1.8041,0.49332076935868496
159985,2022-11-17,1.803,1.8029,0.005546619335516922
159985,2022-11-18,1.787,1.7904,-0.18990169794459444
159985,2022-11-21,1.796,1.7948,0.06685981724983137
159985,2022-11-22,1.81,1.8105,-0.02761668047500665
159985,2022-11-23,1.831,1.8231,0.4333278481706948
159985,2022-11-24,1.851,1.8439,0.38505341938281923
159985,2022-11-25,1.868,1.8578,0.5490364947787763
159985,2022-11-28,1.836,1.8472,-0.6063230835859579
159985,2022-11-29,1.852,1.8455,0.3522080736927835
159985,2022-11-30,1.868,1.8578,0.5490364947787763
159985,2022-12-01,1.861,1.8596,0.07528500752851386
159985,2022-12-02,1.858,1.8556,0.12933821944385304
159985,2022-12-05,1.844,1.8498,-0.31354741053086777
159985,2022-12-06,1.857,1.8615,-0.241740531829171
159985,2022-12-07,1.878,1.8778,0.010650761529440445
159985,2022-12-08,1.925,1.9065,0.9703645423551066
159985,2022-12-09,1.944,1.9315,0.6471654154801998
159985,2022-12-12,1.914,1.9286,-0.7570258218396853
159985,2022-12-13,1.909,1.9067,0.12062726176116367
159985,2022-12-14,1.895,1.9057,-0.5614734743139005
159985,2022-12-15,1.901,1.893,0.4226096143687297
159985,2022-12-16,1.916,1.915,0.05221932114882755
159985,2022-12-19,1.89,1.8988,-0.4634506003791894
159985,2022-12-20,1.901,1.8897,0.5979785151082329
159985,2022-12-21,1.917,1.9147,0.1201232569070898
159985,2022-12-22,1.929,1.9234,0.29115108661745825
159985,2022-12-23,1.933,1.925,0.4155844155844246
159985,2022-12-26,1.977,1.9644,0.641417226634089
159985,2022-12-27,1.985,1.9838,0.060489968746857414
159985,2022-12-28,1.96,1.9594,0.030621618862913813
159985,2022-12-29,1.986,1.9722,0.6997261940979715
159985,2022-12-30,2.01,1.988,1.1066398390341847
159985,2022-12-31,,1.988,
159985,2023-01-03,2.015,2.0106,0.21884014721973433
159985,2023-01-04,1.974,1.9842,-0.5140610825521641
159985,2023-01-05,1.954,1.9603,-0.321379380707032
159985,2023-01-06,1.938,1.939,-0.0515729757607053
159985,2023-01-09,1.949,1.9442,0.24688818022837733
159985,2023-01-10,1.929,1.931,-0.10357327809424888
159985,2023-01-11,1.95,1.9367,0.6867351680693856
159985,2023-01-12,1.979,1.9663,0.6458831307531998
159985,2023-01-13,2.0,1.9877,0.6188056547768772
159985,2023-01-16,1.989,1.9874,0.08050719533059247
159985,2023-01-17,1.98,1.9793,0.03536603849845221
159985,2023-01-18,2.013,2.0027,0.5143056873221141
159985,2023-01-19,1.982,1.9885,-0.3268795574553618
159985,2023-01-20,1.963,1.9692,-0.3148486695104591
159985,2023-01-30,1.989,1.9825,0.3278688524590345
159985,2023-01-31,1.992,1.9993,-0.3651277947281595
159985,2023-02-01,1.987,1.9826,0.2219307979421048
159985,2023-02-02,1.981,1.9811,-0.005047700772298214
159985,2023-02-03,1.989,1.9756,0.6782749544442135
159985,2023-02-06,2.002,2.0002,0.08999100089990275
159985,2023-02-07,1.978,1.9809,-0.14639810187289104
159985,2023-02-08,1.98,1.9733,0.33953276237774777
159985,2023-02-09,1.954,1.9667,-0.6457517669192003
159985,2023-02-10,1.965,1.9632,0.0916870415647919
159985,2023-02-13,1.978,1.9837,-0.28734183596310636
159985,2023-02-14,1.979,1.9787,0.015161469651792103
159985,2023-02-15,1.959,1.9686,-0.4876562023773179
159985,2023-02-16,1.96,1.9518,0.42012501280868086
159985,2023-02-17,1.952,1.9539,-0.09724141460668578
159985,2023-02-20,1.969,1.9612,0.3977156842749352
159985,2023-02-21,1.966,1.9719,-0.29920381358080617
159985,2023-02-22,1.974,1.9781,-0.20726960214346724
159985,2023-02-23,1.959,1.9669,-0.40164726218923086
159985,2023-02-24,1.969,1.966,0.15259409969481386
159985,2023-02-27,1.951,1.9565,-0.28111423460259743
159985,2023-02-28,1.929,1.9407,-0.6028752511980207
159985,2023-03-01,1.914,1.9169,-0.1512859304084735
159985,2023-03-02,1.907,1.9078,-0.04193311667889388
159985,2023-03-03,1.922,1.919,0.15633142261592958
159985,2023-03-06,1.93,1.9298,0.010363768266130613
159985,2023-03-07,1.943,1.9452,-0.11309891013777662
159985,2023-03-08,1.939,1.9417,-0.13905340680846479
159985,2023-03-09,1.947,1.9478,-0.04107197864257062
159985,2023-03-10,1.938,1.9514,-0.6866864815004647
159985,2023-03-13,1.943,1.9378,0.2683455464960405
159985,2023-03-14,1.922,1.9308,-0.455769629169267
159985,2023-03-15,1.924,1.9232,0.04159733777038266
159985,2023-03-16,1.912,1.9171,-0.2660268113296227
159985,2023-03-17,1.893,1.9065,-0.7081038552321006
159985,2023-03-20,1.838,1.8674,-1.5743814929848887
159985,2023-03-21,1.859,1.8537,0.28591465717213715
159985,2023-03-22,1.84,1.8456,-0.30342436064151324
159985,2023-03-23,1.81,1.8197,-0.5330548991592021
159985,2023-03-24,1.79,1.7862,0.2127421341395097
159985,2023-03-27,1.779,1.7894,-0.5812004023695194
159985,2023-03-28,1.8,1.7925,0.4184100418409997
159985,2023-03-29,1.803,1.8139,-0.6009151551904846
159985,2023-03-30,1.802,1.812,-0.551876379690952
159985,2023-03-31,1.793,1.8032,-0.5656610470275103
159985,2023-04-03,1.847,1.8341,0.7033422387001664
159985,2023-04-04,1.864,1.8635,0.02683123155353684
159985,2023-04-06,1.836,1.8447,-0.47162140185396106
159985,2023-04-07,1.82,1.8222,-0.12073317967292718
159985,2023-04-10,1.813,1.8173,-0.23661475815770494
159985,2023-04-11,1.818,1.8093,0.48084894710662685
159985,2023-04-12,1.795,1.8033,-0.46026728775023784
159985,2023-04-13,1.82,1.8109,0.5025125628140836
159985,2023-04-14,1.796,1.8124,-0.9048775104833373
159985,2023-04-17,1.796,1.7859,0.5655411837169
159985,2023-04-18,1.815,1.8126,0.1324064879179021
159985,2023-04-19,1.764,1.7849,-1.1709339458793155
159985,2023-04-20,1.738,1.7421,-0.2353481430457438
159985,2023-04-21,1.718,1.7351,-0.9855339749870407
159985,2023-04-24,1.731,1.7196,0.6629448709002173
159985,2023-04-25,1.728,1.7247,0.1913376239345954
159985,2023-04-26,1.75,1.7379,0.696242591633589
159985,2023-04-27,1.74,1.747,-0.4006868918145501
159985,2023-04-28,1.765,1.7576,0.4210286754665393
159985,2023-05-04,1.756,1.7584,-0.13648771610554888
159985,2023-05-05,1.778,1.7625,0.8794326241134742
159985,2023-05-08,1.788,1.7894,-0.07823851570358809
159985,2023-05-09,1.78,1.7849,-0.27452518348366484
159985,2023-05-10,1.756,1.7643,-0.47044153488635665
159985,2023-05-11,1.759,1.7578,0.06826715212195911
159985,2023-05-12,1.788,1.7739,0.79485878572636
159985,2023-05-15,1.77,1.7706,-0.03388681802778404
159985,2023-05-16,1.792,1.7883,0.20690040820892097
159985,2023-05-17,1.754,1.7641,-0.5725299019329944
159985,2023-05-18,1.76,1.7576,0.1365498406918464
159985,2023-05-19,1.741,1.7612,-1.146945264592325
159985,2023-05-22,1.739,1.7412,-0.12634964392372883
159985,2023-05-23,1.76,1.7639,-0.2211009694427113
159985,2023-05-24,1.74,1.7544,-0.8207934336525335
159985,2023-05-25,1.736,1.7423,-0.36159100040176195
159985,2023-05-26,1.747,1.7338,0.7613334871380939
159985,2023-05-29,1.73,1.7481,-1.0354098735770312
159985,2023-05-30,1.728,1.73,-0.11560693641619046
159985,2023-05-31,1.707,1.7134,-0.3735263219329932
159985,2023-06-01,1.74,1.7245,0.8988112496375766
159985,2023-06-02,1.716,1.7241,-0.46981033582739196
159985,2023-06-05,1.768,1.7555,0.7120478496154936
159985,2023-06-06,1.777,1.7752,0.1013970256872554
159985,2023-06-07,1.757,1.7656,-0.48708654281831576
159985,2023-06-08,1.757,1.7586,-0.09098146252701778
159985,2023-06-09,1.766,1.7647,0.07366691222303601
159985,2023-06-12,1.773,1.777,-0.22509848058525073
159985,2023-06-13,1.79,1.7775,0.7032348804500765
159985,2023-06-14,1.787,1.7942,-0.4012930554007421
159985,2023-06-15,1.822,1.8008,1.1772545535317702
159985,2023-06-16,1.853,1.8463,0.3628879380382255
159985,2023-06-19,1.893,1.8721,1.1163933550558225
159985,2023-06-20,1.901,1.9008,0.010521885521885821
159985,2023-06-21,1.943,1.9139,1.5204556141909187
159985,2023-06-26,1.916,1.901,0.7890583903208848
159985,2023-06-27,1.9,1.9074,-0.3879626716997042
159985,2023-06-28,1.893,1.8848,0.43505942275041676
159985,2023-06-29,1.888,1.8803,0.4095091208849544
159985,2023-06-30,1.901,1.8934,0.4013943171015111
159985,2023-07-03,2.052,1.9703,4.146576663452262
159985,2023-07-04,2.014,2.0122,0.08945432859555069
159985,2023-07-05,2.019,2.0173,0.08427105537103241
159985,2023-07-06,2.017,2.0128,0.20866454689985048
159985,2023-07-07,2.006,2.0078,-0.08965036358203893
159985,2023-07-10,2.008,1.9913,0.8386481193190409
159985,2023-07-11,2.017,2.0297,-0.6257082327437602
159985,2023-07-12,2.05,2.0414,0.4212795140589698
159985,2023-07-13,2.035,2.0374,-0.11779719250023524
159985,2023-07-14,2.036,2.0511,-0.736190336892395
159985,2023-07-17,2.056,2.0563,-0.014589310898205365
159985,2023-07-18,2.059,2.0664,-0.3581107239643666
159985,2023-07-19,2.106,2.0942,0.5634609874892504
159985,2023-07-20,2.121,2.1225,-0.07067137809187996
159985,2023-07-21,2.103,2.1055,-0.11873664212775914
159985,2023-07-24,2.107,2.1152,-0.38767019667170777
159985,2023-07-25,2.146,2.1344,0.5434782608695787
159985,2023-07-26,2.161,2.1466,0.6708282865927506
159985,2023-07-27,2.186,2.189,-0.13704888076747634
159985,2023-07-28,2.161,2.178,-0.7805325987144118
159985,2023-07-31,2.151,2.145,0.2797202797202747
159985,2023-08-01,2.173,2.1638,0.4251779277197443
159985,2023-08-02,2.178,2.17,0.36866359447005337
159985,2023-08-03,2.153,2.1549,-0.08817114483270494
159985,2023-08-04,2.175,2.1705,0.20732550103661485
159985,2023-08-07,2.151,2.1661,-0.697105396796105
159985,2023-08-08,2.142,2.1439,-0.08862353654555122
159985,2023-08-09,2.187,2.1759,0.5101337377636739
159985,2023-08-10,2.19,2.1806,0.4310740163257831
159985,2023-08-11,2.206,2.2006,0.24538762155774663
159985,2023-08-14,2.219,2.1962,1.0381568163190913
159985,2023-08-15,2.237,2.2334,0.16118921823229382
159985,2023-08-16,2.234,2.2226,0.5129128048231735
159985,2023-08-17,2.27,2.253,0.754549489569456
159985,2023-08-18,2.296,2.2771,0.8300030740854503
159985,2023-08-21,2.343,2.3265,0.7092198581560405
159985,2023-08-22,2.272,2.3088,-1.5939015939016143
159985,2023-08-23,2.27,2.2842,-0.6216618509762628
159985,2023-08-24,2.286,2.2889,-0.12669841408536886
159985,2023-08-25,2.334,2.3135,0.8861033066781987
159985,2023-08-28,2.357,2.3641,-0.300325705342408
159985,2023-08-29,2.372,2.3728,-0.03371544167227736
159985,2023-08-30,2.367,2.3648,0.09303112313938655
159985,2023-08-31,2.372,2.3706,0.05905677887454441
159985,2023-09-01,2.347,2.3507,-0.15739992342705955
159985,2023-09-04,2.304,2.332,-1.2006861063464824
159985,2023-09-05,2.329,2.332,-0.12864493996568305
159985,2023-09-06,2.365,2.3561,0.37774288018335156
159985,2023-09-07,2.368,2.3711,-0.13074100628401863
159985,2023-09-08,2.324,2.3402,-0.6922485257670252
159985,2023-09-11,2.347,2.345,0.08528784648187404
159985,2023-09-12,2.321,2.337,-0.6846384253316184
159985,2023-09-13,2.284,2.2913,-0.3185964299742605
159985,2023-09-14,2.272,2.2788,-0.2984026680709184
159985,2023-09-15,2.32,2.304,0.694444444444442
159985,2023-09-18,2.302,2.3099,-0.3420061474522673
159985,2023-09-19,2.251,2.2734,-0.9853083487287861
159985,2023-09-20,2.276,2.2717,0.1892855570717833
159985,2023-09-21,2.253,2.2666,-0.6000176475778662
159985,2023-09-22,2.261,2.2558,0.23051688979520701
159985,2023-09-25,2.253,2.2578,-0.21259633271325518
159985,2023-09-26,2.268,2.2756,-0.333977851995082
159985,2023-09-27,2.288,2.2779,0.4433908424426036
159985,2023-09-28,2.283,2.29,-0.30567685589519833
159985,2023-10-09,2.212,2.2278,-0.7092198581560072
159985,2023-10-10,2.172,2.1941,-1.0072467070780688
159985,2023-10-11,2.165,2.1765,-0.5283712382264993
159985,2023-10-12,2.181,2.1777,0.15153602424575752
159985,2023-10-13,2.216,2.2086,0.33505388028616245
159985,2023-10-16,2.224,2.2174,0.2976458915847413
159985,2023-10-17,2.22,2.2272,-0.3232758620689502
159985,2023-10-18,2.227,2.2444,-0.7752628764926217
159985,2023-10-19,2.237,2.2318,0.23299578815307864
159985,2023-10-20,2.242,2.245,-0.13363028953229383
159985,2023-10-23,2.222,2.2361,-0.6305621394392058
159985,2023-10-24,2.208,2.2087,-0.03169285099831054
159985,2023-10-25,2.232,2.2334,-0.06268469597922044
159985,2023-10-26,2.238,2.2289,0.40827313921665276
159985,2023-10-27,2.251,2.2478,0.14236142005517038
159985,2023-10-30,2.291,2.2805,0.46042534531900436
159985,2023-10-31,2.244,2.2577,-0.6068122425477052
159985,2023-11-01,2.268,2.2583,0.4295266350794691
159985,2023-11-02,2.298,2.2824,0.6834910620399537
159985,2023-11-03,2.315,2.3013,0.5953156911310931
159985,2023-11-06,2.357,2.3392,0.7609439124487194
159985,2023-11-07,2.351,2.361,-0.42354934349853046
159985,2023-11-08,2.366,2.3679,-0.08023987499472529
159985,2023-11-09,2.359,2.3668,-0.3295588980902542
159985,2023-11-10,2.306,2.3326,-1.140358398353758
159985,2023-11-13,2.322,2.3208,0.05170630816959676
159985,2023-11-14,2.344,2.3483,-0.18311118681599847
159985,2023-11-15,2.368,2.3604,0.32197932553805764
159985,2023-11-16,2.364,2.3604,0.15251652262329163
159985,2023-11-17,2.311,2.3262,-0.6534261886338322
159985,2023-11-20,2.283,2.2858,-0.12249540642226275
159985,2023-11-21,2.306,2.2985,0.32629976071349986
159985,2023-11-22,2.287,2.3082,-0.9184646044536837
159985,2023-11-23,2.266,2.2763,-0.4524886877828038
159985,2023-11-24,2.273,2.2741,-0.048370784046425364
159985,2023-11-27,2.233,2.2525,-0.8657047724750178
159985,2023-11-28,2.234,2.2286,0.24230458583862635
159985,2023-11-29,2.224,2.2349,-0.4877175712559856
159985,2023-11-30,2.227,2.2279,-0.040396786211238656
159985,2023-12-01,2.209,2.2148,-0.261874661368966
159985,2023-12-04,2.225,2.2145,0.47414766312936507
159985,2023-12-05,2.235,2.215,0.9029345372460584
159985,2023-12-06,2.228,2.2148,0.5959906086328459
159985,2023-12-07,2.221,2.2229,-0.08547393045120755
159985,2023-12-08,2.245,2.2381,0.3082972163888975
159985,2023-12-11,2.245,2.2547,-0.43021244511465273
159985,2023-12-12,2.279,2.2692,0.43187026264761563
159985,2023-12-13,2.274,2.2719,0.0924336458470787
159985,2023-12-14,2.235,2.2535,-0.8209451963612113
159985,2023-12-15,2.235,2.2497,-0.6534204560608048
159985,2023-12-18,2.216,2.2249,-0.4000179783360869
159985,2023-12-19,2.218,2.2295,-0.5158107198923401
159985,2023-12-20,2.203,2.2092,-0.280644577222533
159985,2023-12-21,2.203,2.1981,0.22291979436785958
159985,2023-12-22,2.182,2.1897,-0.35164634424807995
159985,2023-12-25,2.196,2.1925,0.15963511972634237
159985,2023-12-26,2.194,2.2024,-0.38140210679258324
159985,2023-12-27,2.213,2.2018,0.5086747206830777
159985,2023-12-28,2.21,2.2091,0.04074057308407486
159985,2023-12-29,2.183,2.1973,-0.6507987075046628
159985,2023-12-31,,2.1974,
159985,2024-01-02,2.135,2.1417,-0.3128355978895492
159985,2024-01-03,2.134,2.1293,0.22072981731084962
159985,2024-01-04,2.143,2.1392,0.17763649962601047
159985,2024-01-05,2.11,2.1209,-0.5139327643924663
159985,2024-01-08,2.077,2.0869,-0.47438784800422074
159985,2024-01-09,2.08,2.0738,0.29896807792459956
159985,2024-01-10,2.065,2.0726,-0.366689182669111
159985,2024-01-11,2.06,2.0549,0.2481872597206669
159985,2024-01-12,2.026,2.0372,-0.5497741998821914
159985,2024-01-15,2.018,2.0177,0.014868414531377105
159985,2024-01-16,2.024,2.0151,0.44166542603345516
159985,2024-01-17,2.005,2.023,-0.8897676717745995
159985,2024-01-18,1.987,1.9843,0.13606813485864677
159985,2024-01-19,1.994,1.9962,-0.11020939785592043
159985,2024-01-22,2.001,2.0049,-0.194523417626824
159985,2024-01-23,2.002,2.0037,-0.08484304037530421
159985,2024-01-24,2.022,2.0169,0.2528633050721263
159985,2024-01-25,2.007,2.013,-0.29806259314455463
159985,2024-01-26,1.976,1.9854,-0.4734562304825274
159985,2024-01-29,1.939,1.9442,-0.2674621952473921
159985,2024-01-30,1.934,1.9397,-0.2938598752384447
159985,2024-01-31,1.97,1.9647,0.26976128671043487
159985,2024-02-01,2.002,1.9871,0.7498364450706951
159985,2024-02-02,1.966,1.9799,-0.7020556593767324
159985,2024-02-05,1.965,1.9735,-0.43070686597415087
159985,2024-02-06,1.97,1.9696,0.020308692120218907
159985,2024-02-07,1.957,1.9736,-0.8411025537089611
159985,2024-02-08,1.973,1.9631,0.5043044164841248
159985,2024-02-19,2.0,1.9913,0.4369005172500273
159985,2024-02-20,1.993,2.0025,-0.4744069912609117
159985,2024-02-21,1.976,1.9829,-0.3479751878561754
159985,2024-02-22,1.971,1.9638,0.36663611365719273
159985,2024-02-23,1.972,1.9639,0.41244462549010485
159985,2024-02-26,1.968,1.9667,0.06610057456652996
159985,2024-02-27,1.994,1.9825,0.5800756620428782
159985,2024-02-28,1.991,1.9937,-0.13542659377037136
159985,2024-02-29,1.99,1.9892,0.040217172732748274
159985,2024-03-01,2.034,2.0077,1.30995666683269
159985,2024-03-04,2.07,2.0473,1.1087774141552265
159985,2024-03-05,2.064,2.0605,0.16986168405725977
159985,2024-03-06,2.063,2.0638,-0.038763446070355645
159985,2024-03-07,2.071,2.0619,0.4413405111790114
159985,2024-03-08,2.129,2.0975,1.5017878426698328
159985,2024-03-11,2.116,2.1207,-0.22162493516290072
159985,2024-03-12,2.119,2.126,-0.3292568203198343
159985,2024-03-13,2.119,2.1247,-0.26827316797664036
159985,2024-03-14,2.156,2.1333,1.0640791262363392
159985,2024-03-15,2.167,2.1591,0.3658931962391643
159985,2024-03-18,2.148,2.1671,-0.8813621891006318
159985,2024-03-19,2.168,2.1612,0.31464001480658865
159985,2024-03-20,2.192,2.1751,0.7769757712289049
159985,2024-03-21,2.23,2.2199,0.45497544934456347
159985,2024-03-22,2.192,2.2035,-0.5218969820739661
159985,2024-03-25,2.134,2.1504,-0.7626488095238027
159985,2024-03-26,2.139,2.1485,-0.4421689550849428
159985,2024-03-27,2.147,2.1436,0.15861168128379344
159985,2024-03-28,2.11,2.1294,-0.911054757208607
159985,2024-03-29,2.137,2.1369,0.004679676166419178
159985,2024-04-01,2.157,2.1518,0.2416581466679002
159985,2024-04-02,2.137,2.1509,-0.6462411083732356
159985,2024-04-03,2.123,2.1251,-0.09881887911157294
159985,2024-04-08,2.141,2.1486,-0.3537187005491993
159985,2024-04-09,2.15,2.1519,-0.08829406570937115
159985,2024-04-10,2.143,2.1481,-0.23741911456636178
159985,2024-04-11,2.12,2.1275,-0.3525264394829586
159985,2024-04-12,2.141,2.1256,0.724501317275128
159985,2024-04-15,2.169,2.1671,0.08767477273776692
159985,2024-04-16,2.19,2.1814,0.39424222976069956
159985,2024-04-17,2.125,2.1485,-1.0937863625785416
159985,2024-04-18,2.142,2.1363,0.2668164583625954
159985,2024-04-19,2.163,2.1518,0.5204944697462466
159985,2024-04-22,2.156,2.1643,-0.38349581850943837
159985,2024-04-23,2.167,2.1734,-0.29446949480078644
159985,2024-04-24,2.19,2.1844,0.2563633034242674
159985,2024-04-25,2.182,2.1825,-0.02290950744560094
159985,2024-04-26,2.187,2.1839,0.14194789138697317
159985,2024-04-29,2.177,2.1815,-0.20628008251204477
159985,2024-04-30,2.188,2.1867,0.059450313257425336
159985,2024-05-06,2.244,2.2478,-0.16905418631548708
159985,2024-05-07,2.315,2.2982,0.7310068749456056
159985,2024-05-08,2.322,2.3183,0.1595997066816235
159985,2024-05-09,2.31,2.3151,-0.2202928599196574
159985,2024-05-10,2.275,2.2855,-0.45941807044410643
159985,2024-05-13,2.296,2.2896,0.2795248078266921
159985,2024-05-14,2.287,2.3006,-0.5911501347474646
159985,2024-05-15,2.302,2.2942,0.339987795309904
159985,2024-05-16,2.298,2.3027,-0.2041082207843048
159985,2024-05-17,2.325,2.3085,0.7147498375568606
159985,2024-05-20,2.317,2.3132,0.16427459795953503
159985,2024-05-21,2.319,2.3282,-0.3951550554076033
159985,2024-05-22,2.338,2.3237,0.6153978568661955
159985,2024-05-23,2.341,2.3361,0.2097512948932012
159985,2024-05-24,2.322,2.3432,-0.9047456469784887
159985,2024-05-27,2.32,2.3273,-0.3136681992008006
159985,2024-05-28,2.298,2.3209,-0.9866861993192311
159985,2024-05-29,2.265,2.2653,-0.013243279035879407
159985,2024-05-30,2.246,2.2544,-0.3726046841731723
159985,2024-05-31,2.256,2.2538,0.09761292040109115
159985,2024-06-03,2.225,2.2417,-0.744970335013595
159985,2024-06-04,2.237,2.236,0.04472271914131021
159985,2024-06-05,2.254,2.2509,0.13772268870229087
159985,2024-06-06,2.263,2.2548,0.3636686180592541
159985,2024-06-07,2.264,2.2704,-0.28188865398168783
159985,2024-06-11,2.247,2.2571,-0.4474768508262783
159985,2024-06-12,2.252,2.2468,0.23144027060708616
159985,2024-06-13,2.212,2.2378,-1.152918044507989
159985,2024-06-14,2.232,2.2295,0.11213276519401738
159985,2024-06-17,2.194,2.2071,-0.5935390331203938
159985,2024-06-18,2.173,2.1813,-0.38050703708796263
159985,2024-06-19,2.181,2.1807,0.013757050488383271
159985,2024-06-20,2.185,2.1808,0.19258987527512872
159985,2024-06-21,2.156,2.1653,-0.429501685678646
159985,2024-06-24,2.165,2.1674,-0.11073175232998445
159985,2024-06-25,2.171,2.1649,0.2817682110028086
159985,2024-06-26,2.175,2.1688,0.28587237181849634
159985,2024-06-27,2.175,2.1734,0.0736173737001744
159985,2024-06-28,2.182,2.1799,0.09633469425203156
159985,2024-06-30,,2.1801,
159985,2024-07-01,2.176,2.1724,0.1657153378751719
159985,2024-07-02,2.197,2.1795,0.802936453314973
159985,2024-07-03,2.19,2.197,-0.3186162949476601
159985,2024-07-04,2.14,2.1654,-1.172993442320125
159985,2024-07-05,2.158,2.1538,0.19500417866096242
159985,2024-07-08,2.145,2.1573,-0.5701571408705419
159985,2024-07-09,2.11,2.1146,-0.21753523124941054
159985,2024-07-10,2.087,2.0914,-0.21038538777852223
159985,2024-07-11,2.064,2.0805,-0.7930785868781376
159985,2024-07-12,2.052,2.0644,-0.6006587870567737
159985,2024-07-15,2.01,2.0219,-0.5885553192541804
159985,2024-07-16,1.997,2.0032,-0.30950479233227135
159985,2024-07-17,2.016,2.0278,-0.5819114311076068
159985,2024-07-18,2.016,2.013,0.14903129657228842
159985,2024-07-19,2.04,2.026,0.6910167818361401
159985,2024-07-22,2.049,2.0456,0.166210402815814
159985,2024-07-23,2.045,2.0534,-0.40907762734976316
159985,2024-07-24,2.047,2.0509,-0.19016041737772715
159985,2024-07-25,2.034,2.0393,-0.25989310057372705
159985,2024-07-26,2.049,2.0529,-0.18997515709485713
159985,2024-07-29,2.007,2.0078,-0.039844606036454344
159985,2024-07-30,1.997,1.9981,-0.05505229968469916
159985,2024-07-31,2.005,1.9903,0.7385821232979817
159985,2024-08-01,1.993,1.9868,0.3120595933159054
159985,2024-08-02,2.0,1.9888,0.5631536604987941
159985,2024-08-05,1.983,1.9981,-0.7557179320354268
159985,2024-08-06,1.967,1.9777,-0.5410325125145388
159985,2024-08-07,1.94,1.9562,-0.8281361823944344
159985,2024-08-08,1.945,1.9448,0.010283833813251597
159985,2024-08-09,1.938,1.9341,0.20164417558554693
159985,2024-08-12,1.925,1.9279,-0.15042273976865195
159985,2024-08-13,1.858,1.8874,-1.5576984211084
159985,2024-08-14,1.846,1.8399,0.33153975759552257
159985,2024-08-15,1.868,1.8628,0.2791496671677107
159985,2024-08-16,1.859,1.8685,-0.5084292213005104
159985,2024-08-19,1.848,1.8592,-0.6024096385542133
159985,2024-08-20,1.864,1.8656,-0.08576329331045907
159985,2024-08-21,1.877,1.8662,0.5787161075983205
159985,2024-08-22,1.866,1.879,-0.691857370941984
159985,2024-08-23,1.859,1.8657,-0.35911454145897137
159985,2024-08-26,1.874,1.8602,0.741855714439299
159985,2024-08-27,1.891,1.8786,0.660066006600668
159985,2024-08-28,1.908,1.9078,0.010483279169726245
159985,2024-08-29,1.904,1.9028,0.06306495690560077
159985,2024-08-30,1.922,1.9174,0.23990820903305732
159985,2024-09-02,1.926,1.9163,0.5061837916818801
159985,2024-09-03,1.949,1.9417,0.3759592110006649
159985,2024-09-04,1.924,1.9361,-0.6249677186095814
159985,2024-09-05,1.954,1.9488,0.2668308702791444
159985,2024-09-06,1.984,1.9647,0.9823382704738703
159985,2024-09-09,1.962,1.9655,-0.17807173747138583
159985,2024-09-10,1.928,1.9497,-1.1129917423193358
159985,2024-09-11,1.942,1.9269,0.7836421194664878
159985,2024-09-12,1.933,1.9314,0.08284146215180588
159985,2024-09-13,1.948,1.9397,0.4279012218384226
159985,2024-09-18,1.991,1.9805,0.5301691492047622
159985,2024-09-19,1.947,1.9647,-0.9009009009008917
159985,2024-09-20,1.947,1.9407,0.3246251352604812
159985,2024-09-23,1.94,1.9326,0.38290386008486
159985,2024-09-24,1.967,1.9625,0.22929936305733367
159985,2024-09-25,1.94,1.9625,-1.146496815286624
159985,2024-09-26,1.971,1.9657,0.26962405250039456
159985,2024-09-27,1.956,1.9607,-0.2397103075432283
159985,2024-09-30,1.998,1.985,0.654911838790917
159985,2024-10-08,1.918,1.9379,-1.0268847721760732
159985,2024-10-09,1.919,1.9316,-0.6523089666597648
159985,2024-10-10,1.918,1.9183,-0.015638846895682512
159985,2024-10-11,1.888,1.905,-0.8923884514435709
159985,2024-10-14,1.9,1.8944,0.2956081081080919
159985,2024-10-15,1.901,1.9033,-0.12084274680816964
159985,2024-10-16,1.914,1.904,0.5252100840336116
159985,2024-10-17,1.882,1.9009,-0.9942658740596633
159985,2024-10-18,1.9,1.8863,0.726289561575566
159985,2024-10-21,1.895,1.8947,0.015833641209694882
159985,2024-10-22,1.891,1.8903,0.037031159075273656
159985,2024-10-23,1.899,1.9012,-0.11571638964864572
159985,2024-10-24,1.897,1.8987,-0.08953494496234393
159985,2024-10-25,1.876,1.8924,-0.8666243923060812
159985,2024-10-28,1.894,1.8836,0.5521342110851535
159985,2024-10-29,1.911,1.8951,0.8390058572107062
159985,2024-10-30,1.913,1.9028,0.5360521336977175
159985,2024-10-31,1.901,1.9053,-0.22568624363616951
159985,2024-11-01,1.884,1.8971,-0.6905276474619249
159985,2024-11-04,1.896,1.8935,0.13203063110640567
159985,2024-11-05,1.882,1.8892,-0.381113698920188
159985,2024-11-06,1.904,1.8963,0.40605389442598394
159985,2024-11-07,1.952,1.9376,0.7431874483897483
159985,2024-11-08,1.934,1.9496,-0.8001641362330725
159985,2024-11-11,1.974,1.9604,0.6937359722505532
159985,2024-11-12,1.982,1.9815,0.025233409033553755
159985,2024-11-13,1.979,1.9815,-0.12616704516780208
159985,2024-11-14,1.964,1.9714,-0.3753677589530269
159985,2024-11-15,1.908,1.9308,-1.1808576755748978
159985,2024-11-18,1.911,1.9107,0.01570105197048477
159985,2024-11-19,1.921,1.9161,0.2557277803872493
159985,2024-11-20,1.915,1.9128,0.11501463822667368
159985,2024-11-21,1.913,1.9101,0.15182451180566492
159985,2024-11-22,1.878,1.8905,-0.6612007405448428
159985,2024-11-25,1.888,1.888,0.0
159985,2024-11-26,1.9,1.8975,0.13175230566535578
159985,2024-11-27,1.899,1.9009,-0.09995265400599695
159985,2024-11-28,1.896,1.8956,0.0211014982063773
159985,2024-11-29,1.898,1.8983,-0.015803613759690638
159985,2024-12-02,1.887,1.8876,-0.03178639542275041
159985,2024-12-03,1.869,1.8701,-0.05882038393669742
159985,2024-12-04,1.833,1.8471,-0.7633587786259555
159985,2024-12-05,1.806,1.8106,-0.2540594278139796
159985,2024-12-06,1.8,1.8025,-0.1386962552011095
159985,2024-12-09,1.819,1.8061,0.7142461657715371
159985,2024-12-10,1.813,1.8169,-0.21465132918707663
159985,2024-12-11,1.797,1.8041,-0.39354802948838863
159985,2024-12-12,1.796,1.794,0.11148272017837968
159985,2024-12-13,1.793,1.7866,0.3582223217284186
159985,2024-12-16,1.798,1.7881,0.5536603098260651
159985,2024-12-17,1.772,1.7793,-0.41027370314169476
159985,2024-12-18,1.741,1.7523,-0.6448667465616564
159985,2024-12-19,1.743,1.7388,0.24154589371980784
159985,2024-12-20,1.784,1.7626,1.2141155111766722
159985,2024-12-23,1.773,1.781,-0.4491858506457058
159985,2024-12-24,1.781,1.777,0.22509848058525073
159985,2024-12-25,1.792,1.7838,0.4596927906715953
159985,2024-12-26,1.806,1.796,0.556792873051215
159985,2024-12-27,1.808,1.8164,-0.4624532041400564
159985,2024-12-30,1.816,1.8138,0.12129231447788325
159985,2024-12-31,1.827,1.8281,-0.06017176303265703
159985,2025-01-02,1.841,1.8444,-0.18434179136846973
159985,2025-01-03,1.816,1.833,-0.9274413529732572
159985,2025-01-06,1.826,1.8195,0.35724100027481054
159985,2025-01-07,1.795,1.8108,-0.8725425226419281
159985,2025-01-08,1.794,1.8007,-0.37207752540677763
159985,2025-01-09,1.774,1.7824,-0.47127468581686927
159985,2025-01-10,1.803,1.7906,0.6925053054841923
159985,2025-01-13,1.859,1.836,1.252723311546844
159985,2025-01-14,1.866,1.8659,0.005359344016309109
159985,2025-01-15,1.879,1.8693,0.5189108222329208
159985,2025-01-16,1.869,1.8741,-0.2721306226988962
159985,2025-01-17,1.883,1.8734,0.5124372798121168
159985,2025-01-20,1.905,1.8925,0.6605019815059343
159985,2025-01-21,1.931,1.9196,0.5938737236924396
159985,2025-01-22,1.924,1.9318,-0.40376850605653436
159985,2025-01-23,1.919,1.9319,-0.6677364252808071
159985,2025-01-24,1.924,1.9299,-0.30571532203741425
159985,2025-01-27,1.91,1.9062,0.1993494911342042
159985,2025-02-05,1.988,1.9715,0.8369261983261378
159985,2025-02-06,1.969,1.9722,-0.16225534935604413
159985,2025-02-07,1.97,1.9634,0.33615157380053606
159985,2025-02-10,1.964,1.9791,-0.7629730685665304
159985,2025-02-11,1.965,1.9656,-0.030525030525030417
159985,2025-02-12,1.937,1.9453,-0.42666940831748157
159985,2025-02-13,1.929,1.9249,0.21299807782222402
159985,2025-02-14,1.955,1.9467,0.42636256228489877
159985,2025-02-17,1.933,1.9461,-0.6731411541030741
159985,2025-02-18,1.937,1.9407,-0.19065285721646674
159985,2025-02-19,1.968,1.9577,0.5261275987127778
159985,2025-02-20,1.984,1.974,0.5065856129685908
159985,2025-02-21,1.995,2.0052,-0.5086774386594772
159985,2025-02-24,1.968,1.991,-1.1551983927674647
159985,2025-02-25,1.974,1.9741,-0.005065599513698338
159985,2025-02-26,1.957,1.9572,-0.01021867974657642
159985,2025-02-27,1.992,1.9742,0.9016310404214467
159985,2025-02-28,1.988,1.9871,0.0452921342660062
159985,2025-03-03,2.04,2.0157,1.2055365381753447
159985,2025-03-04,2.017,2.0245,-0.3704618424302475
159985,2025-03-05,1.955,1.9852,-1.5212573040499722
159985,2025-03-06,1.963,1.9567,0.32197066489496606
159985,2025-03-07,1.961,1.9696,-0.43663688058488415
159985,2025-03-10,1.99,1.9873,0.1358627283248648
159985,2025-03-11,1.937,1.9528,-0.8090946333469962
159985,2025-03-12,1.925,1.9304,-0.279734769995843
159985,2025-03-13,1.95,1.9406,0.48438627228690745
159985,2025-03-14,1.966,1.9617,0.2191976347045932
159985,2025-03-17,1.964,1.9746,-0.5368175833080135
159985,2025-03-18,1.971,1.9706,0.020298386278305713
159985,2025-03-19,1.972,1.972,0.0
159985,2025-03-20,1.939,1.9666,-1.4034374046577813
159985,2025-03-21,1.94,1.9442,-0.2160271576998274
159985,2025-03-24,1.939,1.9334,0.2896451846488013
159985,2025-03-25,1.946,1.9416,0.22661722290893138
159985,2025-03-26,1.917,1.9294,-0.6426868456514967
159985,2025-03-27,1.92,1.9158,0.21922956467272936
159985,2025-03-28,1.907,1.9195,-0.6512112529304503
159985,2025-03-31,1.938,1.9251,0.6700950599968891
159985,2025-04-01,1.912,1.9195,-0.39072675175827465
159985,2025-04-02,1.929,1.9243,0.2442446603959869
159985,2025-04-03,1.965,1.9477,0.888227139703246
159985,2025-04-07,1.975,1.9958,-1.0421885960517074
159985,2025-04-08,2.048,2.0107,1.8550753468941306
159985,2025-04-09,2.017,2.0308,-0.6795351585582199
159985,2025-04-10,1.989,2.0049,-0.7930570103247048
159985,2025-04-11,1.995,1.9926,0.12044564890094644
159985,2025-04-14,2.01,2.0076,0.1195457262402666
159985,2025-04-15,1.985,2.0057,-1.0320586328962378
159985,2025-04-16,1.952,1.9727,-1.0493232625335858
159985,2025-04-17,1.957,1.9604,-0.17343399306263274
159985,2025-04-18,1.957,1.9572,-0.01021867974657642
159985,2025-04-21,1.974,1.9728,0.06082725060827521
159985,2025-04-22,1.979,1.9761,0.14675370679622102
159985,2025-04-23,1.977,1.9735,0.17734988598936408
159985,2025-04-24,1.985,1.9807,0.21709496642601245
159985,2025-04-25,1.965,1.9716,-0.3347534996956725
159985,2025-04-28,1.936,1.9439,-0.4063995061474368
159985,2025-04-29,1.922,1.9303,-0.4299849764285324
159985,2025-04-30,1.912,1.9096,0.12568077084205154
159985,2025-05-06,1.917,1.8942,1.2036743744060718
159985,2025-05-07,1.918,1.8916,1.3956438993444786
159985,2025-05-08,1.917,1.8884,1.514509637788608
159985,2025-05-09,1.914,1.8891,1.3180879784024047
159985,2025-05-12,1.909,1.8762,1.7482144760686547
159985,2025-05-13,1.905,1.8827,1.1844691135072027
159985,2025-05-14,1.914,1.8795,1.8355945730247347
159985,2025-05-15,1.913,1.8828,1.6039940514127826
159985,2025-05-16,1.905,1.8821,1.216725997555912
159985,2025-05-19,1.898,1.8764,1.1511404817736048
159985,2025-05-20,1.898,1.8673,1.6440850425748277
159985,2025-05-21,1.931,1.8862,2.375145795779865
159985,2025-05-22,1.928,1.9017,1.3829731293053538
159985,2025-05-23,1.921,1.9134,0.3971987038779101
159985,2025-05-26,1.915,1.9116,0.1778614772965037
159985,2025-05-27,1.929,1.9187,0.5368218064314423
159985,2025-05-28,1.922,1.922,0.0
159985,2025-05-29,1.922,1.9155,0.3393369877316532
159985,2025-05-30,1.926,1.924,0.10395010395010118
159985,2025-06-03,1.912,1.9066,0.2832266862477617
159985,2025-06-04,1.913,1.906,0.3672612801679076
159985,2025-06-05,1.923,1.9164,0.3443957420162791
159985,2025-06-06,1.957,1.9404,0.8554937126365791
159985,2025-06-09,1.962,1.9534,0.4402580116719568
159985,2025-06-10,1.969,1.9586,0.5309915245583774
159985,2025-06-11,1.977,1.9723,0.23830046139026173
159985,2025-06-12,1.98,1.9762,0.19228822993624384
159985,2025-06-13,1.975,1.9775,-0.12642225031604948
159985,2025-06-16,1.977,1.9718,0.26371842986103733
159985,2025-06-17,1.998,1.9861,0.5991641911283541
159985,2025-06-18,1.986,1.9926,-0.33122553447756387
159985,2025-06-19,1.998,1.9874,0.5333601690651113
159985,2025-06-20,1.989,1.992,-0.150602409638545
159985,2025-06-23,1.97,1.9739,-0.197578398095144
159985,2025-06-24,1.968,1.9655,0.1271940981938391
159985,2025-06-25,1.942,1.9526,-0.5428659223599253
159985,2025-06-26,1.912,1.915,-0.15665796344648264
159985,2025-06-27,1.92,1.9066,0.7028217769851963
159985,2025-06-30,1.925,1.9196,0.28130860595958485
159985,2025-07-01,1.924,1.9216,0.12489592006661443
159985,2025-07-02,1.918,1.9126,0.28233817839589115
159985,2025-07-03,1.927,1.921,0.3123373243102634
159985,2025-07-04,1.928,1.9223,0.29651979399678563
159985,2025-07-07,1.923,1.9134,0.5017246785826268
159985,2025-07-08,1.924,1.9069,0.8967434055273005
159985,2025-07-09,1.929,1.9082,1.09003249135311
159985,2025-07-10,1.929,1.9102,0.984190137158425
159985,2025-07-11,1.938,1.9284,0.49782202862476144
159985,2025-07-14,1.946,1.9323,0.7089996377374064
159985,2025-07-15,1.938,1.9382,-0.010318852543600432
159985,2025-07-16,1.937,1.9331,0.20174848688634395
159985,2025-07-17,1.966,1.9545,0.5883857764134026
159985,2025-07-18,1.981,1.9753,0.288563762466465
159985,2025-07-21,1.989,1.9857,0.16618824595859838
159985,2025-07-22,1.998,1.9968,0.06009615384616751
159985,2025-07-23,2.005,2.0098,-0.23882973430191523
159985,2025-07-24,1.964,1.9741,-0.5116255508839429
159985,2025-07-25,1.958,1.9638,-0.2953457582238528
159985,2025-07-28,1.943,1.9483,-0.27203202792177583
159985,2025-07-29,1.939,1.9308,0.4246944271804498
159985,2025-07-30,1.958,1.9484,0.4927119687949011
159985,2025-07-31,1.949,1.9516,-0.13322402131583644
159985,2025-08-01,1.955,1.9498,0.2666940198994716
159985,2025-08-04,1.962,1.9604,0.08161599673537356
159985,2025-08-05,1.966,1.9701,-0.20811126338764474
159985,2025-08-06,1.97,1.9713,-0.06594632983311088
159985,2025-08-07,1.975,1.9688,0.314912637139364
159985,2025-08-08,1.984,1.9816,0.12111425111021035
159985,2025-08-11,1.969,1.9696,-0.030463038180339463
159985,2025-08-12,1.984,1.9728,0.5677210056772131
159985,2025-08-13,2.026,2.0183,0.38150919090322866
159985,2025-08-14,2.02,2.0305,-0.5171140113272576
159985,2025-08-15,2.011,2.0133,-0.11424030199175261
159985,2025-08-18,2.023,2.0198,0.1584315278740478
159985,2025-08-19,2.03,2.0326,-0.127914985732569
159985,2025-08-20,2.026,2.0192,0.33676703645006967
159985,2025-08-21,1.997,2.0077,-0.5329481496239352
159985,2025-08-22,1.98,1.9859,-0.2970945163402017
159985,2025-08-25,2.001,1.9962,0.2404568680492991
159985,2025-08-26,1.986,1.9879,-0.0955782484028389
159985,2025-08-27,1.986,1.961,1.2748597654258065
159985,2025-08-28,1.987,1.9553,1.6212345931570615
159985,2025-08-29,1.992,1.9559,1.8456976328033114
159985,2025-09-01,2.005,1.9644,2.066788841376499
159985,2025-09-02,1.992,1.9618,1.5394025894586605
159985,2025-09-03,2.015,1.9625,2.6751592356688114
159985,2025-09-04,1.983,1.9664,0.844182262001647
159985,2025-09-05,1.994,1.9632,1.568867155664222
159985,2025-09-08,2.005,1.9768,1.4265479562930006
159985,2025-09-09,2.015,1.9749,2.030482556078783
159985,2025-09-10,2.003,1.9672,1.8198454656364493
159985,2025-09-11,2.005,1.9743,1.5549815124347832
159985,2025-09-12,2.009,1.982,1.3622603430877955
159985,2025-09-15,1.988,1.959,1.4803471158754355
159985,2025-09-16,1.988,1.9558,1.646385110952031
159985,2025-09-17,1.983,1.9385,2.2955893732267363
159985,2025-09-18,1.98,1.927,2.75038920601971
159985,2025-09-19,1.991,1.9289,3.219451500855408
159985,2025-09-22,1.985,1.9457,2.0198386184920647
159985,2025-09-23,1.942,1.897,2.372166578808632
159985,2025-09-24,1.952,1.8765,4.023447908339994
159985,2025-09-25,1.961,1.9015,3.1291085984748834
159985,2025-09-26,1.948,1.8939,2.8565394160198654
159985,2025-09-29,1.938,1.8862,2.7462623263704744
159985,2025-09-30,1.938,1.8837,2.882624621755059
159985,2025-10-09,1.943,1.8846,3.098800806537194
159985,2025-10-10,1.939,1.8782,3.2371419444148675
159985,2025-10-13,1.951,1.886,3.446447507953354
159985,2025-10-14,1.938,1.8706,3.6031219929434366
159985,2025-10-15,1.938,1.8719,3.531171536941069
159985,2025-10-16,1.942,1.8726,3.706077112036743
159985,2025-10-17,1.92,1.8514,3.70530409419898
159985,2025-10-20,1.928,1.8592,3.7005163511187655
159985,2025-10-21,1.935,1.8612,3.965183752417789
159985,2025-10-22,1.935,1.8451,4.8723646414828625
159985,2025-10-23,1.96,1.8734,4.622611294971701
159985,2025-10-24,1.955,1.8888,3.504870817450234
159985,2025-10-27,1.97,1.885,4.509283819628651
159985,2025-10-28,1.969,1.9056,3.3270361041142005
159985,2025-10-29,1.962,1.9108,2.679505966087503
159985,2025-10-30,1.951,1.9153,1.8639377643189015
159985,2025-10-31,1.958,1.9307,1.413994924120776
159985,2025-11-03,1.964,1.9507,0.6818065309888599
159985,2025-11-04,1.952,1.9456,0.3289473684210398
159985,2025-11-05,1.984,1.9527,1.6029087929533503
159985,2025-11-06,1.976,1.9726,0.17236135050187062
159985,2025-11-07,1.974,1.9604,0.6937359722505532
159985,2025-11-10,1.976,1.9605,0.7906146391226665
159985,2025-11-11,1.972,1.965,0.3562340966920985
159985,2025-11-12,1.975,1.9618,0.6728514629422033
159985,2025-11-13,1.98,1.9676,0.6302093921528806
159985,2025-11-14,1.998,1.9799,0.914187585231585
159985,2025-11-17,1.968,1.9607,0.3723160095884026
159985,2025-11-18,2.016,1.9646,2.616308663341149
159985,2025-11-19,1.984,1.9479,1.8532778890086865
159985,2025-11-20,1.982,1.9364,2.3548853542656456
159985,2025-11-21,1.977,1.939,1.9597730789066459
159985,2025-11-24,2.006,1.9314,3.8624831728279796
159985,2025-11-25,2.011,1.934,3.9813857290589505
159985,2025-11-26,2.002,1.9417,3.1055260853890765
159985,2025-11-27,2.026,1.9539,3.690055785864166
159985,2025-11-28,2.024,1.9607,3.228438822869384
159985,2025-12-01,1.973,1.9574,0.7969755798508338
159985,2025-12-02,1.969,1.9563,0.6491846853754701
159985,2025-12-03,1.969,1.9576,0.5823457294646506
159985,2025-12-04,1.964,1.9509,0.6714849556614944
159985,2025-12-05,1.956,1.9492,0.3488610712087059
159985,2025-12-08,1.951,1.9272,1.2349522623495313
159985,2025-12-09,1.942,1.9122,1.5584143918000226
159985,2025-12-10,1.949,1.8977,2.703272382357591
159985,2025-12-11,1.942,1.9005,2.1836358852933335
159985,2025-12-12,1.955,1.9136,2.163461538461542
159985,2025-12-15,1.951,1.9061,2.355595194375959
159985,2025-12-16,1.96,1.9069,2.784624259268975
159985,2025-12-17,1.946,1.909,1.9381875327396436
159985,2025-12-18,1.942,1.8945,2.5072578516758925
159985,2025-12-19,1.948,1.8883,3.1615739024519307
159985,2025-12-22,1.946,1.8912,2.897631133671741
159985,2025-12-23,1.95,1.8926,3.0328648420162585
159985,2025-12-24,1.956,1.8905,3.4646918804549065
159985,2025-12-25,1.957,1.8906,3.5121125568602585
159985,2025-12-26,1.974,1.9202,2.801791480054172
159985,2025-12-29,1.976,1.9244,2.681355227603399
159985,2025-12-30,1.964,1.9107,2.7895535667556315
159985,2025-12-31,1.949,1.9045,2.336571278550803
159985,2026-01-05,1.956,1.8957,3.1808830511156794
159985,2026-01-06,1.961,1.9074,2.810108000419431
159985,2026-01-07,1.984,1.9268,2.968652688395257
159985,2026-01-08,1.972,1.9358,1.8700278954437488
159985,2026-01-09,1.984,1.9234,3.1506706873245305
159985,2026-01-12,1.974,1.9235,2.6254224070704435
159985,2026-01-13,1.976,1.9166,3.0992382343733693
159985,2026-01-14,1.969,1.898,3.7407797681770383
159985,2026-01-15,1.968,1.8973,3.726347968165289
159985,2026-01-16,1.959,1.8877,3.777083222969768
159985,2026-01-19,1.961,1.8836,4.109152686345308
159985,2026-01-20,1.958,1.8823,4.021675609626518
159985,2026-01-21,1.956,1.883,3.8767923526287884
159985,2026-01-22,1.972,1.8982,3.8878937941207337
159985,2026-01-23,1.966,1.9051,3.1966825888404715
159985,2026-01-26,1.975,1.91,3.4031413612565453
159985,2026-01-27,1.97,1.9101,3.1359614679859815
159985,2026-01-28,1.985,1.9177,3.509412316837879
159985,2026-01-29,2.009,1.9322,3.9747438153400205
159985,2026-01-30,1.982,1.9171,3.3853215794689806
159985,2026-02-02,1.974,1.9033,3.7146009562339044
159985,2026-02-03,1.971,1.8896,4.307790008467416
159985,2026-02-04,1.975,1.882,4.9415515409139354
159985,2026-02-05,1.98,1.8855,5.011933174224348
159985,2026-02-06,1.982,1.891,4.812268640930717
159985,2026-02-09,1.985,1.8959,4.699614958594878
159985,2026-02-10,1.975,1.8877,4.624675531069555
159985,2026-02-11,1.987,1.905,4.304461942257221
159985,2026-02-12,1.989,1.9215,3.512880562060894
159985,2026-02-13,2.0,1.9337,3.4286600817086343
159985,2026-02-24,2.001,1.9301,3.6733847987150847
159985,2026-02-25,2.02,1.9504,3.568498769483197
159985,2026-02-26,2.017,1.9571,3.0606509631597723
159985,2026-02-27,2.017,1.954,3.2241555783009135
159985,2026-03-02,2.034,1.9509,4.2595725049976885
159985,2026-03-03,2.051,1.9644,4.408470779881912
159985,2026-03-04,2.102,1.9588,7.310598325505402
159985,2026-03-05,2.061,1.9602,5.1423324150596805
159985,2026-03-06,2.126,1.9978,6.417058764641093
159985,2026-03-09,2.232,2.0741,7.612940552528813
159985,2026-03-10,2.179,2.0428,6.667319365576652
159985,2026-03-11,2.244,2.0875,7.497005988023964
159985,2026-03-12,2.232,2.1154,5.511959913018805
159985,2026-03-13,2.321,2.1525,7.828106852497108
159985,2026-03-16,2.262,2.12,6.698113207547163
159985,2026-03-17,2.25,2.0943,7.434464976364419
159985,2026-03-18,2.251,2.0991,7.236434662474389
159985,2026-03-19,2.244,2.0999,6.862231534835006
159985,2026-03-20,2.205,2.0857,5.719902191110893
159985,2026-03-23,2.23,2.0739,7.526881720430101
159985,2026-03-24,2.242,2.053,9.20603994154896
159985,2026-03-25,2.159,2.0317,6.265688832012595
159985,2026-03-26,2.161,2.0373,6.071761645314866
159985,2026-03-27,2.122,2.0268,4.69705940398657
159985,2026-03-30,2.135,2.0273,5.312484585409161
159985,2026-03-31,2.07,2.0148,2.739726027397249
159985,2026-04-01,2.041,2.0028,1.9073297383662702
159985,2026-04-02,2.079,1.9879,4.582725489209727
159985,2026-04-03,2.058,1.9828,3.792616501916468
159985,2026-04-07,2.055,1.9751,4.045364791656114
159985,2026-04-08,2.041,1.98,3.080808080808084
159985,2026-04-09,2.075,1.9852,4.523473705420122
159985,2026-04-10,2.082,1.9934,4.444667402427993
159985,2026-04-13,2.128,1.9942,6.709457426536969
159985,2026-04-14,2.111,1.9902,6.069741734499057
159985,2026-04-15,2.097,1.9856,5.610394842868649
159985,2026-04-16,2.111,1.993,5.920722528850986
159985,2026-04-17,2.094,1.9856,5.459307010475412
159985,2026-04-20,2.091,1.9764,5.7984213721918865
159985,2026-04-21,2.127,1.9871,7.040410648683992
159985,2026-04-22,2.169,2.0145,7.669396872673118
159985,2026-04-23,2.156,2.0065,7.450784948916023
159985,2026-04-24,2.125,1.9965,6.436263461056857
159985,2026-04-27,2.152,1.9953,7.853455620708671
159985,2026-04-28,2.159,2.0053,7.664688575275513
159985,2026-04-29,2.165,2.0174,7.316347774363052
159985,2026-04-30,2.162,2.0221,6.9185500222540774
159985,2026-05-06,2.159,2.0162,7.0826306913996495
159985,2026-05-07,2.132,2.0036,6.408464763425847
159985,2026-05-08,2.143,2.0003,7.1339299105134035
159985,2026-05-11,2.164,2.0217,7.038630855220851
159985,2026-05-12,2.155,2.0298,6.168095378855054
159985,2026-05-13,2.161,2.0412,5.869096609837365
159985,2026-05-14,2.144,2.0405,5.0722862043616646
159985,2026-05-15,2.089,2.0051,4.184329958605559
159985,2026-05-18,2.092,1.9925,4.993726474278559
159985,2026-05-19,2.122,2.0179,5.1588284850587085
159985,2026-05-20,2.103,2.0267,3.7647407115014575
159985,2026-05-21,2.086,2.0106,3.750124340992733
159985,2026-05-22,2.084,2.0,4.200000000000004
159985,2026-05-25,2.056,1.9994,2.8308492547764352
159985,2026-05-26,2.06,1.9874,3.6530139881251866
159985,2026-05-27,2.068,1.9894,3.9509399819041002
159985,2026-05-28,2.084,1.9935,4.539754201153756
159985,2026-05-29,2.077,2.0049,3.5961893361264874
159985,2026-06-01,2.073,1.9969,3.810906905703848
159985,2026-06-02,2.046,1.9916,2.7314721831692923
159985,2026-06-03,2.054,1.9856,3.4448025785656533
159985,2026-06-04,2.029,1.977,2.630247850278189
159985,2026-06-05,2.009,1.9556,2.730619758641839
159985,2026-06-08,1.991,1.945,2.3650385604113033
159985,2026-06-09,1.98,1.9423,1.9409977861298389
159985,2026-06-10,2.005,1.9417,3.2600298707318176
159985,2026-06-11,2.02,1.9604,3.040195878392171
159985,2026-06-12,2.017,1.9625,2.777070063694276
159985,2026-06-15,2.017,1.9659,2.599318378350879
159985,2026-06-16,2.015,1.9659,2.4975838038557407
159985,2026-06-17,2.028,1.9793,2.460465821249924
159985,2026-06-18,2.004,1.9713,1.6588038350327183
159985,2026-06-22,1.989,1.9614,1.40715815234016
159985,2026-06-23,1.994,1.9613,1.667261510222806
159985,2026-06-24,2.0,1.9727,1.3838900998631276
159985,2026-06-25,1.997,1.9694,1.4014420635726665
159985,2026-06-26,2.007,1.9872,0.9963768115942129
159985,2026-06-29,2.008,1.9873,1.0416142504906079
159985,2026-06-30,1.985,1.9736,0.5776246453182088
159985,2026-07-01,1.997,1.975,1.1139240506329084
159985,2026-07-02,2.066,1.993,3.662819869543399
159985,2026-07-03,2.065,1.9874,3.9045989735332576
159985,2026-07-06,2.125,2.0111,5.663567202028741
159985,2026-07-07,2.151,2.0328,5.8146399055489795
159985,2026-07-08,2.18,2.038,6.967615309126618
159985,2026-07-09,2.157,2.0405,5.709384954667973
159985,2026-07-10,2.144,2.0398,5.10834395528974
159985,2026-07-13,2.206,2.0502,7.599258608916215
159985,2026-07-14,2.203,2.044,7.7788649706457935
159985,2026-07-15,2.231,2.0494,8.861130086854697
159985,2026-07-16,2.148,2.0591,4.317420232140257
159985,2026-07-17,2.123,2.0547,3.32408624130045
159985,2026-07-20,2.18,2.0724,5.192047867207106
159985,2026-07-21,2.197,2.1001,4.614065996857297
159985,2026-07-22,2.213,2.1039,5.1856076809734475
159985,2026-07-23,2.243,2.1299,5.310108455796025
159985,2026-07-24,2.29,2.1342,7.300159310280208
159985,2026-07-27,2.254,2.1254,6.050625764561968
159985,2026-07-28,2.121,2.0894,1.5123959031300815
159985,2026-07-29,2.13,2.0815,2.330050444391052
159985,2026-07-30,2.088,2.062,1.2609117361784827
159985,2026-07-31,2.087,2.0585,1.384503279086724
159985,2026-08-03,2.094,2.0521,2.0418108279323555
159985,2026-08-04,2.105,2.0574,2.31359968892777
159985,2026-08-05,2.097,2.049,2.342606149341142
159985,2026-08-06,2.119,2.0525,3.2399512789281326
159985,2026-08-07,2.125,2.0675,2.781136638452253
159985,2026-08-10,2.133,2.0688,3.1032482598607913
159985,2026-08-11,2.124,2.0643,2.8920215085016965
159985,2026-08-12,2.116,2.059,2.768334142787765
159985,2026-08-13,2.126,2.0742,2.4973483752772196
159985,2026-08-14,2.139,2.0742,3.124096037026325
159985,2026-08-17,2.149,2.0874,2.951039570757885
159985,2026-08-18,2.205,2.1164,4.18635418635418
159985,2026-08-19,2.214,2.1349,3.705091573375796
159985,2026-08-20,2.212,2.1467,3.0418782317044757
159985,2026-08-21,2.163,2.1336,1.3779527559055094
159985,2026-08-24,2.184,2.1311,2.482286143306278
159985,2026-08-25,2.189,2.1232,3.0990957045968326
159985,2026-08-26,2.233,2.1482,3.9474909226328903
159985,2026-08-27,2.278,2.1864,4.189535309184045
159985,2026-08-28,2.261,2.1996,2.791416621203857
159985,2026-08-31,2.306,2.2056,4.552049328980767
159985,2026-09-01,2.367,2.2082,7.191377592609349
159985,2026-09-02,2.344,2.2208,5.547550432276638
159985,2026-09-03,2.387,2.2274,7.165304839723463
159985,2026-09-04,2.425,2.2379,8.360516555699537
159985,2026-09-07,2.423,2.2393,8.20345643727951
159985,2026-09-08,2.451,2.2466,9.098192824712914
159985,2026-09-09,2.394,2.2348,7.123679971362096
159985,2026-09-10,2.304,2.2362,3.0319291655486857
159985,2026-09-11,2.325,2.2513,3.2736641051836823
159985,2026-09-14,2.291,2.2264,2.901545095220981
159985,2026-09-15,2.307,2.2199,3.9236001621694605
159985,2026-09-16,2.383,2.2594,5.470478888200425
159985,2026-09-17,2.373,2.2896,3.642557651991618
159985,2026-09-18,2.299,2.2561,1.9015114578254444
159985,2026-09-21,2.294,2.2312,2.8146288992470403
159985,2026-09-22,2.323,2.2438,3.5297263570728266
